id,name,courseState,section,ownerId
886180043678,11-Б • Захист України (дівч.),ACTIVE,🟤 [11 ПАРАЛЕЛЬ],112650800097094238847
869729497982,11-Б • Фізична культура (дівч.),ACTIVE,🟤 [11 ПАРАЛЕЛЬ],112650800097094238847
886178940214,11-Б • Технології (Гр. 2),ACTIVE,🟤 [11 ПАРАЛЕЛЬ],112650800097094238847
886178489112,11-Б • Інформатика (Гр. 2),ACTIVE,🟤 [11 ПАРАЛЕЛЬ],112650800097094238847
886180021978,11-Б • Англійська мова (Гр. 2),ACTIVE,🟤 [11 ПАРАЛЕЛЬ],112650800097094238847
886179456178,11-Б • Українська мова (Гр. 2),ACTIVE,🟤 [11 ПАРАЛЕЛЬ],112650800097094238847
869729641010,11-А • Захист України (дівч.),ACTIVE,🟤 [11 ПАРАЛЕЛЬ],112650800097094238847
886178991036,11-А • Фізична культура (дівч.),ACTIVE,🟤 [11 ПАРАЛЕЛЬ],112650800097094238847
886179288701,11-А • Технології (Гр. 2),ACTIVE,🟤 [11 ПАРАЛЕЛЬ],112650800097094238847
886180165707,11-А • Інформатика (Гр. 2),ACTIVE,🟤 [11 ПАРАЛЕЛЬ],112650800097094238847
886178711336,11-А • Англійська мова (Гр. 2),ACTIVE,🟤 [11 ПАРАЛЕЛЬ],112650800097094238847
886179680803,11-А • Українська мова (Гр. 2),ACTIVE,🟤 [11 ПАРАЛЕЛЬ],112650800097094238847
886179791525,10-Б • Захист України (дівч.),ACTIVE,🟡 [10 ПАРАЛЕЛЬ],112650800097094238847
886179194918,10-Б • Фізична культура (дівч.),ACTIVE,🟡 [10 ПАРАЛЕЛЬ],112650800097094238847
886179603921,10-Б • Технології (Гр. 2),ACTIVE,🟡 [10 ПАРАЛЕЛЬ],112650800097094238847
886179073863,10-Б • Інформатика (Гр. 2),ACTIVE,🟡 [10 ПАРАЛЕЛЬ],112650800097094238847
886179854310,10-Б • Англійська мова (Гр. 2),ACTIVE,🟡 [10 ПАРАЛЕЛЬ],112650800097094238847
886179097543,10-Б • Українська мова (Гр. 2),ACTIVE,🟡 [10 ПАРАЛЕЛЬ],112650800097094238847
886179723394,10-А • Захист України (дівч.),ACTIVE,🟡 [10 ПАРАЛЕЛЬ],112650800097094238847
886179095734,10-А • Фізична культура (дівч.),ACTIVE,🟡 [10 ПАРАЛЕЛЬ],112650800097094238847
886179498267,10-А • Технології (Гр. 2),ACTIVE,🟡 [10 ПАРАЛЕЛЬ],112650800097094238847
886179608824,10-А • Інформатика (Гр. 2),ACTIVE,🟡 [10 ПАРАЛЕЛЬ],112650800097094238847
886179820265,10-А • Англійська мова (Гр. 2),ACTIVE,🟡 [10 ПАРАЛЕЛЬ],112650800097094238847
886178889021,10-А • Українська мова (Гр. 2),ACTIVE,🟡 [10 ПАРАЛЕЛЬ],112650800097094238847
886179892499,09-Г • Технології (Гр. 2),ACTIVE,⚪️ [9 ПАРАЛЕЛЬ],112650800097094238847
886178609185,09-Г • Інформатика (Гр. 2),ACTIVE,⚪️ [9 ПАРАЛЕЛЬ],112650800097094238847
886178396876,09-Г • Англійська мова (Гр. 2),ACTIVE,⚪️ [9 ПАРАЛЕЛЬ],112650800097094238847
886179149884,09-Г • Українська мова (Гр. 2),ACTIVE,⚪️ [9 ПАРАЛЕЛЬ],112650800097094238847
886178310510,09-В • Технології (Гр. 2),ACTIVE,⚪️ [9 ПАРАЛЕЛЬ],112650800097094238847
886179250956,09-В • Інформатика (Гр. 2),ACTIVE,⚪️ [9 ПАРАЛЕЛЬ],112650800097094238847
886179425156,09-В • Англійська мова (Гр. 2),ACTIVE,⚪️ [9 ПАРАЛЕЛЬ],112650800097094238847
886179845865,09-В • Українська мова (Гр. 2),ACTIVE,⚪️ [9 ПАРАЛЕЛЬ],112650800097094238847
869729560577,09-Б • Технології (Гр. 2),ACTIVE,⚪️ [9 ПАРАЛЕЛЬ],112650800097094238847
886179848327,09-Б • Інформатика (Гр. 2),ACTIVE,⚪️ [9 ПАРАЛЕЛЬ],112650800097094238847
886178318484,09-Б • Англійська мова (Гр. 2),ACTIVE,⚪️ [9 ПАРАЛЕЛЬ],112650800097094238847
886179710679,09-Б • Українська мова (Гр. 2),ACTIVE,⚪️ [9 ПАРАЛЕЛЬ],112650800097094238847
886178621642,09-А • Технології (Гр. 2),ACTIVE,⚪️ [9 ПАРАЛЕЛЬ],112650800097094238847
886178292129,09-А • Інформатика (Гр. 2),ACTIVE,⚪️ [9 ПАРАЛЕЛЬ],112650800097094238847
886179760520,09-А • Англійська мова (Гр. 2),ACTIVE,⚪️ [9 ПАРАЛЕЛЬ],112650800097094238847
886179514009,09-А • Українська мова (Гр. 2),ACTIVE,⚪️ [9 ПАРАЛЕЛЬ],112650800097094238847
886179110162,08-Г • Технології (Гр. 2),ACTIVE,🟤 [8 ПАРАЛЕЛЬ],112650800097094238847
886179429994,08-Г • Інформатика (Гр. 2),ACTIVE,🟤 [8 ПАРАЛЕЛЬ],112650800097094238847
886178486571,08-Г • Англійська мова (Гр. 2),ACTIVE,🟤 [8 ПАРАЛЕЛЬ],112650800097094238847
886179607287,08-Г • Українська мова (Гр. 2),ACTIVE,🟤 [8 ПАРАЛЕЛЬ],112650800097094238847
886179536475,08-В • Технології (Гр. 2),ACTIVE,🟤 [8 ПАРАЛЕЛЬ],112650800097094238847
886178568639,08-В • Інформатика (Гр. 2),ACTIVE,🟤 [8 ПАРАЛЕЛЬ],112650800097094238847
886178310448,08-В • Англійська мова (Гр. 2),ACTIVE,🟤 [8 ПАРАЛЕЛЬ],112650800097094238847
886178094271,08-В • Українська мова (Гр. 2),ACTIVE,🟤 [8 ПАРАЛЕЛЬ],112650800097094238847
886178591714,08-Б • Технології (Гр. 2),ACTIVE,🟤 [8 ПАРАЛЕЛЬ],112650800097094238847
886178695507,08-Б • Інформатика (Гр. 2),ACTIVE,🟤 [8 ПАРАЛЕЛЬ],112650800097094238847
886179365770,08-Б • Англійська мова (Гр. 2),ACTIVE,🟤 [8 ПАРАЛЕЛЬ],112650800097094238847
869729617906,08-Б • Українська мова (Гр. 2),ACTIVE,🟤 [8 ПАРАЛЕЛЬ],112650800097094238847
869729548548,08-А • Технології (Гр. 2),ACTIVE,🟤 [8 ПАРАЛЕЛЬ],112650800097094238847
886179393443,08-А • Інформатика (Гр. 2),ACTIVE,🟤 [8 ПАРАЛЕЛЬ],112650800097094238847
869729641223,08-А • Англійська мова (Гр. 2),ACTIVE,🟤 [8 ПАРАЛЕЛЬ],112650800097094238847
869729533019,08-А • Українська мова (Гр. 2),ACTIVE,🟤 [8 ПАРАЛЕЛЬ],112650800097094238847
886177988411,07-Г • Технології (Гр. 2),ACTIVE,🟣 [7 ПАРАЛЕЛЬ],112650800097094238847
886178505935,07-Г • Інформатика (Гр. 2),ACTIVE,🟣 [7 ПАРАЛЕЛЬ],112650800097094238847
886178358003,07-Г • Англійська мова (Гр. 2),ACTIVE,🟣 [7 ПАРАЛЕЛЬ],112650800097094238847
886179414964,07-Г • Українська мова (Гр. 2),ACTIVE,🟣 [7 ПАРАЛЕЛЬ],112650800097094238847
886178374406,07-В • Технології (Гр. 2),ACTIVE,🟣 [7 ПАРАЛЕЛЬ],112650800097094238847
886178995232,07-В • Інформатика (Гр. 2),ACTIVE,🟣 [7 ПАРАЛЕЛЬ],112650800097094238847
886177597506,07-В • Англійська мова (Гр. 2),ACTIVE,🟣 [7 ПАРАЛЕЛЬ],112650800097094238847
886179675314,07-В • Українська мова (Гр. 2),ACTIVE,🟣 [7 ПАРАЛЕЛЬ],112650800097094238847
886179582873,07-Б • Технології (Гр. 2),ACTIVE,🟣 [7 ПАРАЛЕЛЬ],112650800097094238847
886178518854,07-Б • Інформатика (Гр. 2),ACTIVE,🟣 [7 ПАРАЛЕЛЬ],112650800097094238847
886178902347,07-Б • Англійська мова (Гр. 2),ACTIVE,🟣 [7 ПАРАЛЕЛЬ],112650800097094238847
886179493855,07-Б • Українська мова (Гр. 2),ACTIVE,🟣 [7 ПАРАЛЕЛЬ],112650800097094238847
886178097765,07-А • Технології (Гр. 2),ACTIVE,🟣 [7 ПАРАЛЕЛЬ],112650800097094238847
886179543464,07-А • Інформатика (Гр. 2),ACTIVE,🟣 [7 ПАРАЛЕЛЬ],112650800097094238847
886178537430,07-А • Англійська мова (Гр. 2),ACTIVE,🟣 [7 ПАРАЛЕЛЬ],112650800097094238847
886179738747,07-А • Українська мова (Гр. 2),ACTIVE,🟣 [7 ПАРАЛЕЛЬ],112650800097094238847
886177917160,06-Г • Українська мова (Гр. 2),ACTIVE,🟦 [6 ПАРАЛЕЛЬ],112650800097094238847
886176124779,06-В • Українська мова (Гр. 2),ACTIVE,🟦 [6 ПАРАЛЕЛЬ],112650800097094238847
886178471805,06-Б • Українська мова (Гр. 2),ACTIVE,🟦 [6 ПАРАЛЕЛЬ],112650800097094238847
886179353677,06-А • Українська мова (Гр. 2),ACTIVE,🟦 [6 ПАРАЛЕЛЬ],112650800097094238847
886179805801,05-Г • Українська мова (Гр. 2),ACTIVE,🔵 [5 ПАРАЛЕЛЬ],112650800097094238847
886178631872,05-В • Українська мова (Гр. 2),ACTIVE,🔵 [5 ПАРАЛЕЛЬ],112650800097094238847
886179173291,05-Б • Українська мова (Гр. 2),ACTIVE,🔵 [5 ПАРАЛЕЛЬ],112650800097094238847
869729615241,05-А • Українська мова (Гр. 2),ACTIVE,🔵 [5 ПАРАЛЕЛЬ],112650800097094238847
886179358992,04-Г • Інформатика (Гр. 2),ACTIVE,🟢 [4 ПАРАЛЕЛЬ],112650800097094238847
886179125753,04-Г • Англійська мова (Гр. 2),ACTIVE,🟢 [4 ПАРАЛЕЛЬ],112650800097094238847
886179567733,04-Г • Українська мова (Гр. 2),ACTIVE,🟢 [4 ПАРАЛЕЛЬ],112650800097094238847
886179700029,04-Г • Українська мова (Гр. 1),ACTIVE,🟢 [4 ПАРАЛЕЛЬ],112650800097094238847
886179283042,04-В • Інформатика (Гр. 2),ACTIVE,🟢 [4 ПАРАЛЕЛЬ],112650800097094238847
886179234560,04-В • Англійська мова (Гр. 2),ACTIVE,🟢 [4 ПАРАЛЕЛЬ],112650800097094238847
886178885284,04-В • Українська мова (Гр. 2),ACTIVE,🟢 [4 ПАРАЛЕЛЬ],112650800097094238847
886174890318,04-В • Українська мова (Гр. 1),ACTIVE,🟢 [4 ПАРАЛЕЛЬ],112650800097094238847
886178918422,04-Б • Інформатика (Гр. 2),ACTIVE,🟢 [4 ПАРАЛЕЛЬ],112650800097094238847
886178331651,04-Б • Англійська мова (Гр. 2),ACTIVE,🟢 [4 ПАРАЛЕЛЬ],112650800097094238847
886179065574,04-Б • Українська мова (Гр. 2),ACTIVE,🟢 [4 ПАРАЛЕЛЬ],112650800097094238847
886178586024,04-Б • Українська мова (Гр. 1),ACTIVE,🟢 [4 ПАРАЛЕЛЬ],112650800097094238847
886178795599,04-А • Інформатика (Гр. 2),ACTIVE,🟢 [4 ПАРАЛЕЛЬ],112650800097094238847
886179306219,04-А • Англійська мова (Гр. 2),ACTIVE,🟢 [4 ПАРАЛЕЛЬ],112650800097094238847
886179221109,04-А • Українська мова (Гр. 2),ACTIVE,🟢 [4 ПАРАЛЕЛЬ],112650800097094238847
886178964922,04-А • Українська мова (Гр. 1),ACTIVE,🟢 [4 ПАРАЛЕЛЬ],112650800097094238847
886178530167,03-Г • Інформатика (Гр. 2),ACTIVE,🟡 [3 ПАРАЛЕЛЬ],112650800097094238847
886178909580,03-Г • Англійська мова (Гр. 2),ACTIVE,🟡 [3 ПАРАЛЕЛЬ],112650800097094238847
886179239383,03-Г • Українська мова (Гр. 2),ACTIVE,🟡 [3 ПАРАЛЕЛЬ],112650800097094238847
886178958473,03-Г • Українська мова (Гр. 1),ACTIVE,🟡 [3 ПАРАЛЕЛЬ],112650800097094238847
886176983852,03-В • Інформатика (Гр. 2),ACTIVE,🟡 [3 ПАРАЛЕЛЬ],112650800097094238847
886179013504,03-В • Англійська мова (Гр. 2),ACTIVE,🟡 [3 ПАРАЛЕЛЬ],112650800097094238847
886178297313,03-В • Українська мова (Гр. 2),ACTIVE,🟡 [3 ПАРАЛЕЛЬ],112650800097094238847
886178969356,03-В • Українська мова (Гр. 1),ACTIVE,🟡 [3 ПАРАЛЕЛЬ],112650800097094238847
886179548312,03-Б • Інформатика (Гр. 2),ACTIVE,🟡 [3 ПАРАЛЕЛЬ],112650800097094238847
886178924078,03-Б • Англійська мова (Гр. 2),ACTIVE,🟡 [3 ПАРАЛЕЛЬ],112650800097094238847
886178189607,03-Б • Українська мова (Гр. 2),ACTIVE,🟡 [3 ПАРАЛЕЛЬ],112650800097094238847
886178438693,03-Б • Українська мова (Гр. 1),ACTIVE,🟡 [3 ПАРАЛЕЛЬ],112650800097094238847
886179263586,03-А • Інформатика (Гр. 2),ACTIVE,🟡 [3 ПАРАЛЕЛЬ],112650800097094238847
886178631783,03-А • Англійська мова (Гр. 2),ACTIVE,🟡 [3 ПАРАЛЕЛЬ],112650800097094238847
886178745278,03-А • Українська мова (Гр. 2),ACTIVE,🟡 [3 ПАРАЛЕЛЬ],112650800097094238847
886178676238,03-А • Українська мова (Гр. 1),ACTIVE,🟡 [3 ПАРАЛЕЛЬ],112650800097094238847
886178886541,02-Г • Інформатика (Гр. 2),ACTIVE,🟠 [2 ПАРАЛЕЛЬ],112650800097094238847
886179311669,02-Г • Інформатика (Гр. 1),ACTIVE,🟠 [2 ПАРАЛЕЛЬ],112650800097094238847
886178159583,02-Г • Англійська мова (Гр. 2),ACTIVE,🟠 [2 ПАРАЛЕЛЬ],112650800097094238847
869729597611,02-Г • Українська мова (Гр. 2),ACTIVE,🟠 [2 ПАРАЛЕЛЬ],112650800097094238847
886178052878,02-Г • Українська мова (Гр. 1),ACTIVE,🟠 [2 ПАРАЛЕЛЬ],112650800097094238847
886176823837,02-В • Інформатика (Гр. 2),ACTIVE,🟠 [2 ПАРАЛЕЛЬ],112650800097094238847
886179231773,02-В • Інформатика (Гр. 1),ACTIVE,🟠 [2 ПАРАЛЕЛЬ],112650800097094238847
886179033032,02-В • Англійська мова (Гр. 2),ACTIVE,🟠 [2 ПАРАЛЕЛЬ],112650800097094238847
886176538534,02-В • Українська мова (Гр. 2),ACTIVE,🟠 [2 ПАРАЛЕЛЬ],112650800097094238847
886178931835,02-В • Українська мова (Гр. 1),ACTIVE,🟠 [2 ПАРАЛЕЛЬ],112650800097094238847
886178465670,02-Б • Інформатика (Гр. 2),ACTIVE,🟠 [2 ПАРАЛЕЛЬ],112650800097094238847
886179802850,02-Б • Інформатика (Гр. 1),ACTIVE,🟠 [2 ПАРАЛЕЛЬ],112650800097094238847
886174268971,02-Б • Англійська мова (Гр. 2),ACTIVE,🟠 [2 ПАРАЛЕЛЬ],112650800097094238847
886178949953,02-Б • Українська мова (Гр. 2),ACTIVE,🟠 [2 ПАРАЛЕЛЬ],112650800097094238847
886179311642,02-Б • Українська мова (Гр. 1),ACTIVE,🟠 [2 ПАРАЛЕЛЬ],112650800097094238847
886177641326,02-А • Інформатика (Гр. 2),ACTIVE,🟠 [2 ПАРАЛЕЛЬ],112650800097094238847
886179466886,02-А • Інформатика (Гр. 1),ACTIVE,🟠 [2 ПАРАЛЕЛЬ],112650800097094238847
886178870485,02-А • Англійська мова (Гр. 2),ACTIVE,🟠 [2 ПАРАЛЕЛЬ],112650800097094238847
886179447307,02-А • Українська мова (Гр. 2),ACTIVE,🟠 [2 ПАРАЛЕЛЬ],112650800097094238847
886178836899,02-А • Українська мова (Гр. 1),ACTIVE,🟠 [2 ПАРАЛЕЛЬ],112650800097094238847
886179307373,01-Г • Англійська мова (Гр. 2),ACTIVE,🔴 [1 ПАРАЛЕЛЬ],112650800097094238847
886179085241,01-Г • Українська мова (Гр. 2),ACTIVE,🔴 [1 ПАРАЛЕЛЬ],112650800097094238847
886179141403,01-Г • Українська мова (Гр. 1),ACTIVE,🔴 [1 ПАРАЛЕЛЬ],112650800097094238847
886179230024,01-В • Англійська мова (Гр. 2),ACTIVE,🔴 [1 ПАРАЛЕЛЬ],112650800097094238847
869729542518,01-В • Українська мова (Гр. 2),ACTIVE,🔴 [1 ПАРАЛЕЛЬ],112650800097094238847
886176999112,01-В • Українська мова (Гр. 1),ACTIVE,🔴 [1 ПАРАЛЕЛЬ],112650800097094238847
886178970994,01-Б • Англійська мова (Гр. 2),ACTIVE,🔴 [1 ПАРАЛЕЛЬ],112650800097094238847
886178784224,01-Б • Українська мова (Гр. 2),ACTIVE,🔴 [1 ПАРАЛЕЛЬ],112650800097094238847
886177787901,01-Б • Українська мова (Гр. 1),ACTIVE,🔴 [1 ПАРАЛЕЛЬ],112650800097094238847
886178374235,01-А • Англійська мова (Гр. 2),ACTIVE,🔴 [1 ПАРАЛЕЛЬ],112650800097094238847
886177895474,01-А • Українська мова (Гр. 2),ACTIVE,🔴 [1 ПАРАЛЕЛЬ],112650800097094238847
886178409977,01-А • Українська мова (Гр. 1),ACTIVE,🔴 [1 ПАРАЛЕЛЬ],112650800097094238847
871402899495,01-В • Англійська мова (Гр. 1),ACTIVE,🔴 [1 ПАРАЛЕЛЬ],112650800097094238847
871398631604,"05-Г • Здоров'я, безпека та добробут",ACTIVE,🔵 [5 ПАРАЛЕЛЬ],112650800097094238847
871399331050,"05-В • Здоров'я, безпека та добробут",ACTIVE,🔵 [5 ПАРАЛЕЛЬ],112650800097094238847
871398781345,"05-Б • Здоров'я, безпека та добробут",ACTIVE,🔵 [5 ПАРАЛЕЛЬ],112650800097094238847
867792325184,11-Б • Основи християнської етики,ACTIVE,🟤 [11 ПАРАЛЕЛЬ],112650800097094238847
867776443513,11-Б • Фізична культура (хлоп.),ACTIVE,🟤 [11 ПАРАЛЕЛЬ],112650800097094238847
867791530436,11-Б • Технології (Гр. 1),ACTIVE,🟤 [11 ПАРАЛЕЛЬ],112650800097094238847
867792512225,11-Б • Захист України (юнаки),ACTIVE,🟤 [11 ПАРАЛЕЛЬ],112650800097094238847
867792466333,11-Б • Мистецтво,ACTIVE,🟤 [11 ПАРАЛЕЛЬ],112650800097094238847
867791354337,11-Б • Хімія,ACTIVE,🟤 [11 ПАРАЛЕЛЬ],112650800097094238847
867787422615,11-Б • Інформатика (Гр. 1),ACTIVE,🟤 [11 ПАРАЛЕЛЬ],112650800097094238847
867786158258,11-Б • Фізика і астрономія,ACTIVE,🟤 [11 ПАРАЛЕЛЬ],112650800097094238847
867792390116,11-Б • Географія,ACTIVE,🟤 [11 ПАРАЛЕЛЬ],112650800097094238847
867789515128,11-Б • Біологія і екологія,ACTIVE,🟤 [11 ПАРАЛЕЛЬ],112650800097094238847
867791538027,11-Б • Геометрія,ACTIVE,🟤 [11 ПАРАЛЕЛЬ],112650800097094238847
867791303619,11-Б • Алгебра і початки аналізу,ACTIVE,🟤 [11 ПАРАЛЕЛЬ],112650800097094238847
867790497516,11-Б • Всесвітня історія,ACTIVE,🟤 [11 ПАРАЛЕЛЬ],112650800097094238847
867792694890,11-Б • Історія України,ACTIVE,🟤 [11 ПАРАЛЕЛЬ],112650800097094238847
867792329764,11-Б • Друга іноземна мова (Німецька),ACTIVE,🟤 [11 ПАРАЛЕЛЬ],112650800097094238847
867792218267,11-Б • Зарубіжна література,ACTIVE,🟤 [11 ПАРАЛЕЛЬ],112650800097094238847
867792397764,11-Б • Англійська мова (Гр. 1),ACTIVE,🟤 [11 ПАРАЛЕЛЬ],112650800097094238847
867791909915,11-Б • Українська література,ACTIVE,🟤 [11 ПАРАЛЕЛЬ],112650800097094238847
867792025334,11-Б • Українська мова (Гр. 1),ACTIVE,🟤 [11 ПАРАЛЕЛЬ],112650800097094238847
867787301544,11-А • Основи християнської етики,ACTIVE,🟤 [11 ПАРАЛЕЛЬ],112650800097094238847
867791624784,11-А • Захист України (юнаки),ACTIVE,🟤 [11 ПАРАЛЕЛЬ],112650800097094238847
867792445913,11-А • Технології (Гр. 1),ACTIVE,🟤 [11 ПАРАЛЕЛЬ],111992250712440358980
867782037931,11-А • Фізична культура (хлоп.),ACTIVE,🟤 [11 ПАРАЛЕЛЬ],112650800097094238847
867791302502,11-А • Мистецтво,ACTIVE,🟤 [11 ПАРАЛЕЛЬ],112650800097094238847
867792998373,11-А • Хімія,ACTIVE,🟤 [11 ПАРАЛЕЛЬ],112650800097094238847
867792280805,11-А • Інформатика (Гр. 1),ACTIVE,🟤 [11 ПАРАЛЕЛЬ],112650800097094238847
867792294551,11-А • Фізика і астрономія,ACTIVE,🟤 [11 ПАРАЛЕЛЬ],112650800097094238847
798183908153,11-А • Географія,ACTIVE,🟤 [11 ПАРАЛЕЛЬ],112650800097094238847
867792832358,11-А • Біологія і екологія,ACTIVE,🟤 [11 ПАРАЛЕЛЬ],112650800097094238847
867792707565,11-А • Всесвітня історія,ACTIVE,🟤 [11 ПАРАЛЕЛЬ],112650800097094238847
867791719550,11-А • Історія України,ACTIVE,🟤 [11 ПАРАЛЕЛЬ],112650800097094238847
867791520651,11-А • Алгебра і початки аналізу,ACTIVE,🟤 [11 ПАРАЛЕЛЬ],112650800097094238847
867792293789,11-А • Геометрія,ACTIVE,🟤 [11 ПАРАЛЕЛЬ],112650800097094238847
867792241222,11-А • Друга іноземна мова (Німецька),ACTIVE,🟤 [11 ПАРАЛЕЛЬ],112650800097094238847
867792392529,11-А • Зарубіжна література,ACTIVE,🟤 [11 ПАРАЛЕЛЬ],112650800097094238847
867790850960,11-А • Українська література,ACTIVE,🟤 [11 ПАРАЛЕЛЬ],112650800097094238847
867792694872,11-А • Англійська мова (Гр. 1),ACTIVE,🟤 [11 ПАРАЛЕЛЬ],112650800097094238847
855108993330,11-А • Українська мова (Гр. 1),ACTIVE,🟤 [11 ПАРАЛЕЛЬ],112650800097094238847
867788491430,10-Б • Основи християнської етики,ACTIVE,🟡 [10 ПАРАЛЕЛЬ],112650800097094238847
867787356263,10-Б • Фізична культура (хлоп.),ACTIVE,🟡 [10 ПАРАЛЕЛЬ],112650800097094238847
798183738162,10-Б • Технології (Гр. 1),ACTIVE,🟡 [10 ПАРАЛЕЛЬ],112650800097094238847
867791525815,10-Б • Захист України (юнаки),ACTIVE,🟡 [10 ПАРАЛЕЛЬ],112650800097094238847
867790940760,10-Б • Мистецтво,ACTIVE,🟡 [10 ПАРАЛЕЛЬ],112650800097094238847
867791878062,10-Б • Інформатика (Гр. 1),ACTIVE,🟡 [10 ПАРАЛЕЛЬ],112650800097094238847
867791896554,10-Б • Фізика і астрономія,ACTIVE,🟡 [10 ПАРАЛЕЛЬ],112650800097094238847
867791868755,10-Б • Хімія,ACTIVE,🟡 [10 ПАРАЛЕЛЬ],112650800097094238847
867791238867,10-Б • Географія,ACTIVE,🟡 [10 ПАРАЛЕЛЬ],112650800097094238847
867790932150,10-Б • Біологія і екологія,ACTIVE,🟡 [10 ПАРАЛЕЛЬ],112650800097094238847
867791515699,10-Б • Геометрія,ACTIVE,🟡 [10 ПАРАЛЕЛЬ],112650800097094238847
867786558104,10-Б • Всесвітня історія,ACTIVE,🟡 [10 ПАРАЛЕЛЬ],112650800097094238847
867791699335,10-Б • Громадянська освіта,ACTIVE,🟡 [10 ПАРАЛЕЛЬ],112650800097094238847
855107124035,10-Б • Алгебра і початки аналізу,ACTIVE,🟡 [10 ПАРАЛЕЛЬ],112650800097094238847
867791639748,10-Б • Історія України,ACTIVE,🟡 [10 ПАРАЛЕЛЬ],112650800097094238847
867791474986,10-Б • Друга іноземна мова (Німецька),ACTIVE,🟡 [10 ПАРАЛЕЛЬ],112650800097094238847
855108478485,10-Б • Англійська мова (Гр. 1),ACTIVE,🟡 [10 ПАРАЛЕЛЬ],112650800097094238847
855108481032,10-Б • Зарубіжна література,ACTIVE,🟡 [10 ПАРАЛЕЛЬ],112650800097094238847
867790761171,10-Б • Українська мова (Гр. 1),ACTIVE,🟡 [10 ПАРАЛЕЛЬ],112650800097094238847
867790687363,10-Б • Українська література,ACTIVE,🟡 [10 ПАРАЛЕЛЬ],112650800097094238847
867791106811,10-А • Основи християнської етики,ACTIVE,🟡 [10 ПАРАЛЕЛЬ],112650800097094238847
867791266939,10-А • Фізична культура (хлоп.),ACTIVE,🟡 [10 ПАРАЛЕЛЬ],112650800097094238847
867791081197,10-А • Захист України (юнаки),ACTIVE,🟡 [10 ПАРАЛЕЛЬ],112650800097094238847
867791089003,10-А • Мистецтво,ACTIVE,🟡 [10 ПАРАЛЕЛЬ],112650800097094238847
867791528421,10-А • Технології (Гр. 1),ACTIVE,🟡 [10 ПАРАЛЕЛЬ],112650800097094238847
867790621903,10-А • Інформатика (Гр. 1),ACTIVE,🟡 [10 ПАРАЛЕЛЬ],112650800097094238847
867791095498,10-А • Фізика і астрономія,ACTIVE,🟡 [10 ПАРАЛЕЛЬ],112650800097094238847
798183670601,10-А • Біологія і екологія,ACTIVE,🟡 [10 ПАРАЛЕЛЬ],112650800097094238847
867791919424,10-А • Географія,ACTIVE,🟡 [10 ПАРАЛЕЛЬ],112650800097094238847
867791829313,10-А • Хімія,ACTIVE,🟡 [10 ПАРАЛЕЛЬ],112650800097094238847
867791691567,10-А • Геометрія,ACTIVE,🟡 [10 ПАРАЛЕЛЬ],112650800097094238847
867791766992,10-А • Громадянська освіта,ACTIVE,🟡 [10 ПАРАЛЕЛЬ],112650800097094238847
867788420133,10-А • Всесвітня історія,ACTIVE,🟡 [10 ПАРАЛЕЛЬ],112650800097094238847
867790815457,10-А • Алгебра і початки аналізу,ACTIVE,🟡 [10 ПАРАЛЕЛЬ],112650800097094238847
855108187955,10-А • Історія України,ACTIVE,🟡 [10 ПАРАЛЕЛЬ],112650800097094238847
867792030673,10-А • Зарубіжна література,ACTIVE,🟡 [10 ПАРАЛЕЛЬ],112650800097094238847
867780430734,10-А • Українська мова (Гр. 1),ACTIVE,🟡 [10 ПАРАЛЕЛЬ],112650800097094238847
867791165939,10-А • Українська література,ACTIVE,🟡 [10 ПАРАЛЕЛЬ],112650800097094238847
798183844970,10-А • Англійська мова (Гр. 1),ACTIVE,🟡 [10 ПАРАЛЕЛЬ],112650800097094238847
867791100584,10-А • Друга іноземна мова (Німецька),ACTIVE,🟡 [10 ПАРАЛЕЛЬ],112650800097094238847
867776937557,"10 • Індивідуальна ФН (Екстернат, Сімейна, Педпатронаж)",ACTIVE,🟡 [10 ПАРАЛЕЛЬ],112650800097094238847
867789158503,"11 • Індивідуальна ФН (Екстернат, Сімейна, Педпатронаж)",ACTIVE,🟤 [11 ПАРАЛЕЛЬ],112650800097094238847
867782160104,09-Г • Фізична культура,ACTIVE,⚪️ [9 ПАРАЛЕЛЬ],112650800097094238847
867785655043,09-Г • Основи християнської етики,ACTIVE,⚪️ [9 ПАРАЛЕЛЬ],112650800097094238847
867786686257,09-Г • Здоров'я безпека та добробут,ACTIVE,⚪️ [9 ПАРАЛЕЛЬ],112650800097094238847
867785809092,09-Г • Технології (Гр. 1),ACTIVE,⚪️ [9 ПАРАЛЕЛЬ],112650800097094238847
867787075409,09-Г • Мистецтво,ACTIVE,⚪️ [9 ПАРАЛЕЛЬ],112650800097094238847
867786926822,09-Г • Інформатика (Гр. 1),ACTIVE,⚪️ [9 ПАРАЛЕЛЬ],112650800097094238847
867786590550,09-Г • Фізика,ACTIVE,⚪️ [9 ПАРАЛЕЛЬ],112650800097094238847
867786213276,09-Г • Географія,ACTIVE,⚪️ [9 ПАРАЛЕЛЬ],112650800097094238847
867787145512,09-Г • Хімія,ACTIVE,⚪️ [9 ПАРАЛЕЛЬ],112650800097094238847
867786993926,09-Г • Біологія,ACTIVE,⚪️ [9 ПАРАЛЕЛЬ],112650800097094238847
867785963184,09-Г • Геометрія,ACTIVE,⚪️ [9 ПАРАЛЕЛЬ],112650800097094238847
867786306662,09-Г • Алгебра,ACTIVE,⚪️ [9 ПАРАЛЕЛЬ],112650800097094238847
867785936205,09-Г • Всесвітня історія,ACTIVE,⚪️ [9 ПАРАЛЕЛЬ],112650800097094238847
867777141608,09-Г • Основи правознавства,ACTIVE,⚪️ [9 ПАРАЛЕЛЬ],112650800097094238847
867786853992,09-Г • Історія України,ACTIVE,⚪️ [9 ПАРАЛЕЛЬ],112650800097094238847
867787201201,09-Г • Друга іноземна мова (Німецька),ACTIVE,⚪️ [9 ПАРАЛЕЛЬ],112650800097094238847
867787487737,09-Г • Англійська мова (Гр. 1),ACTIVE,⚪️ [9 ПАРАЛЕЛЬ],112650800097094238847
867786775622,09-Г • Українська мова (Гр. 1),ACTIVE,⚪️ [9 ПАРАЛЕЛЬ],112650800097094238847
867786374553,09-Г • Українська література,ACTIVE,⚪️ [9 ПАРАЛЕЛЬ],112650800097094238847
867785784611,09-Г • Зарубіжна література,ACTIVE,⚪️ [9 ПАРАЛЕЛЬ],112650800097094238847
867787101828,09-В • Основи християнської етики,ACTIVE,⚪️ [9 ПАРАЛЕЛЬ],112650800097094238847
867782160083,09-В • Фізична культура,ACTIVE,⚪️ [9 ПАРАЛЕЛЬ],112650800097094238847
867787509567,09-В • Здоров'я безпека та добробут,ACTIVE,⚪️ [9 ПАРАЛЕЛЬ],112650800097094238847
867787323494,09-В • Технології (Гр. 1),ACTIVE,⚪️ [9 ПАРАЛЕЛЬ],112650800097094238847
867786249893,09-В • Мистецтво,ACTIVE,⚪️ [9 ПАРАЛЕЛЬ],112650800097094238847
867786788433,09-В • Інформатика (Гр. 1),ACTIVE,⚪️ [9 ПАРАЛЕЛЬ],112650800097094238847
867787176480,09-В • Хімія,ACTIVE,⚪️ [9 ПАРАЛЕЛЬ],112650800097094238847
867786375734,09-В • Фізика,ACTIVE,⚪️ [9 ПАРАЛЕЛЬ],112650800097094238847
867784872034,09-В • Біологія,ACTIVE,⚪️ [9 ПАРАЛЕЛЬ],112650800097094238847
867786828855,09-В • Географія,ACTIVE,⚪️ [9 ПАРАЛЕЛЬ],112650800097094238847
867786086158,09-В • Геометрія,ACTIVE,⚪️ [9 ПАРАЛЕЛЬ],112650800097094238847
867786289446,09-В • Алгебра,ACTIVE,⚪️ [9 ПАРАЛЕЛЬ],112650800097094238847
867787227627,09-В • Основи правознавства,ACTIVE,⚪️ [9 ПАРАЛЕЛЬ],112650800097094238847
867787104336,09-В • Історія України,ACTIVE,⚪️ [9 ПАРАЛЕЛЬ],112650800097094238847
798182730924,09-В • Всесвітня історія,ACTIVE,⚪️ [9 ПАРАЛЕЛЬ],112650800097094238847
867786244043,09-В • Друга іноземна мова (Німецька),ACTIVE,⚪️ [9 ПАРАЛЕЛЬ],112650800097094238847
867787083726,09-В • Англійська мова (Гр. 1),ACTIVE,⚪️ [9 ПАРАЛЕЛЬ],112650800097094238847
867783488698,09-В • Зарубіжна література,ACTIVE,⚪️ [9 ПАРАЛЕЛЬ],112650800097094238847
867786997803,09-В • Українська мова (Гр. 1),ACTIVE,⚪️ [9 ПАРАЛЕЛЬ],112650800097094238847
867786895917,09-В • Українська література,ACTIVE,⚪️ [9 ПАРАЛЕЛЬ],112650800097094238847
867787178745,09-Б • Основи християнської етики,ACTIVE,⚪️ [9 ПАРАЛЕЛЬ],112650800097094238847
867786496575,09-Б • Фізична культура,ACTIVE,⚪️ [9 ПАРАЛЕЛЬ],112650800097094238847
867786000656,09-Б • Технології (Гр. 1),ACTIVE,⚪️ [9 ПАРАЛЕЛЬ],112650800097094238847
867785486255,09-Б • Мистецтво,ACTIVE,⚪️ [9 ПАРАЛЕЛЬ],112650800097094238847
867786786402,09-Б • Здоров'я безпека та добробут,ACTIVE,⚪️ [9 ПАРАЛЕЛЬ],112650800097094238847
867787578814,09-Б • Хімія,ACTIVE,⚪️ [9 ПАРАЛЕЛЬ],112650800097094238847
867786773337,09-Б • Інформатика (Гр. 1),ACTIVE,⚪️ [9 ПАРАЛЕЛЬ],112650800097094238847
867785721891,09-Б • Фізика,ACTIVE,⚪️ [9 ПАРАЛЕЛЬ],112650800097094238847
867776422164,09-Б • Біологія,ACTIVE,⚪️ [9 ПАРАЛЕЛЬ],112650800097094238847
798182757897,09-Б • Географія,ACTIVE,⚪️ [9 ПАРАЛЕЛЬ],112650800097094238847
867786358395,09-Б • Геометрія,ACTIVE,⚪️ [9 ПАРАЛЕЛЬ],112650800097094238847
867787218389,09-Б • Алгебра,ACTIVE,⚪️ [9 ПАРАЛЕЛЬ],112650800097094238847
867786283682,09-Б • Всесвітня історія,ACTIVE,⚪️ [9 ПАРАЛЕЛЬ],112650800097094238847
867786884316,09-Б • Історія України,ACTIVE,⚪️ [9 ПАРАЛЕЛЬ],112650800097094238847
867786418185,09-Б • Основи правознавства,ACTIVE,⚪️ [9 ПАРАЛЕЛЬ],112650800097094238847
867778951804,09-Б • Друга іноземна мова (Німецька),ACTIVE,⚪️ [9 ПАРАЛЕЛЬ],112650800097094238847
867787078413,09-Б • Українська література,ACTIVE,⚪️ [9 ПАРАЛЕЛЬ],112650800097094238847
867787238281,09-Б • Зарубіжна література,ACTIVE,⚪️ [9 ПАРАЛЕЛЬ],112650800097094238847
867786392178,09-Б • Англійська мова (Гр. 1),ACTIVE,⚪️ [9 ПАРАЛЕЛЬ],112650800097094238847
867786590511,09-Б • Українська мова (Гр. 1),ACTIVE,⚪️ [9 ПАРАЛЕЛЬ],112650800097094238847
867786003267,09-А • Фізична культура,ACTIVE,⚪️ [9 ПАРАЛЕЛЬ],112650800097094238847
867787200754,09-А • Основи християнської етики,ACTIVE,⚪️ [9 ПАРАЛЕЛЬ],112650800097094238847
867785609614,09-А • Здоров'я безпека та добробут,ACTIVE,⚪️ [9 ПАРАЛЕЛЬ],112650800097094238847
867783897968,09-А • Технології (Гр. 1),ACTIVE,⚪️ [9 ПАРАЛЕЛЬ],112650800097094238847
867786626279,09-А • Мистецтво,ACTIVE,⚪️ [9 ПАРАЛЕЛЬ],112650800097094238847
867786796019,09-А • Інформатика (Гр. 1),ACTIVE,⚪️ [9 ПАРАЛЕЛЬ],112650800097094238847
867786849851,09-А • Хімія,ACTIVE,⚪️ [9 ПАРАЛЕЛЬ],112650800097094238847
867786686999,09-А • Біологія,ACTIVE,⚪️ [9 ПАРАЛЕЛЬ],112650800097094238847
867787010260,09-А • Фізика,ACTIVE,⚪️ [9 ПАРАЛЕЛЬ],112650800097094238847
867785549520,09-А • Географія,ACTIVE,⚪️ [9 ПАРАЛЕЛЬ],112650800097094238847
867786318073,09-А • Всесвітня історія,ACTIVE,⚪️ [9 ПАРАЛЕЛЬ],112650800097094238847
867786632646,09-А • Історія України,ACTIVE,⚪️ [9 ПАРАЛЕЛЬ],112650800097094238847
867786784658,09-А • Алгебра,ACTIVE,⚪️ [9 ПАРАЛЕЛЬ],112650800097094238847
867786492937,09-А • Основи правознавства,ACTIVE,⚪️ [9 ПАРАЛЕЛЬ],112650800097094238847
867786468876,09-А • Геометрія,ACTIVE,⚪️ [9 ПАРАЛЕЛЬ],112650800097094238847
798182761202,09-А • Українська мова (Гр. 1),ACTIVE,⚪️ [9 ПАРАЛЕЛЬ],112650800097094238847
867781819138,09-А • Українська література,ACTIVE,⚪️ [9 ПАРАЛЕЛЬ],112650800097094238847
867787147226,09-А • Друга іноземна мова (Німецька),ACTIVE,⚪️ [9 ПАРАЛЕЛЬ],112650800097094238847
867786127462,09-А • Англійська мова (Гр. 1),ACTIVE,⚪️ [9 ПАРАЛЕЛЬ],112650800097094238847
867786402913,09-А • Зарубіжна література,ACTIVE,⚪️ [9 ПАРАЛЕЛЬ],112650800097094238847
867785971111,"09 • Індивідуальна ФН (Екстернат, Сімейна, Педпатронаж)",ACTIVE,⚪️ [9 ПАРАЛЕЛЬ],112650800097094238847
867774223740,08-Г • Основи християнської етики,ACTIVE,🟤 [8 ПАРАЛЕЛЬ],112650800097094238847
867773305349,08-Г • Фізична культура,ACTIVE,🟤 [8 ПАРАЛЕЛЬ],112650800097094238847
867772181521,08-Г • Здоров'я безпека та добробут,ACTIVE,🟤 [8 ПАРАЛЕЛЬ],112650800097094238847
867774182736,08-Г • Технології (Гр. 1),ACTIVE,🟤 [8 ПАРАЛЕЛЬ],112650800097094238847
867774122525,08-Г • Мистецтво,ACTIVE,🟤 [8 ПАРАЛЕЛЬ],112650800097094238847
867773924931,08-Г • Інформатика (Гр. 1),ACTIVE,🟤 [8 ПАРАЛЕЛЬ],112650800097094238847
867771594798,08-Г • Хімія,ACTIVE,🟤 [8 ПАРАЛЕЛЬ],112650800097094238847
867773940405,08-Г • Фізика,ACTIVE,🟤 [8 ПАРАЛЕЛЬ],112650800097094238847
867774483586,08-Г • Географія,ACTIVE,🟤 [8 ПАРАЛЕЛЬ],112650800097094238847
855102311558,08-Г • Біологія,ACTIVE,🟤 [8 ПАРАЛЕЛЬ],112650800097094238847
867773139942,08-Г • Алгебра,ACTIVE,🟤 [8 ПАРАЛЕЛЬ],112650800097094238847
867773944734,08-Г • Геометрія,ACTIVE,🟤 [8 ПАРАЛЕЛЬ],112650800097094238847
867774054220,08-Г • Всесвітня історія,ACTIVE,🟤 [8 ПАРАЛЕЛЬ],112650800097094238847
867773065413,08-Г • Друга іноземна мова (Німецька),ACTIVE,🟤 [8 ПАРАЛЕЛЬ],112650800097094238847
855102447799,08-Г • Історія України,ACTIVE,🟤 [8 ПАРАЛЕЛЬ],112650800097094238847
867772127240,08-Г • Англійська мова (Гр. 1),ACTIVE,🟤 [8 ПАРАЛЕЛЬ],112650800097094238847
867773975059,08-Г • Зарубіжна література,ACTIVE,🟤 [8 ПАРАЛЕЛЬ],112650800097094238847
867774302044,08-Г • Українська література,ACTIVE,🟤 [8 ПАРАЛЕЛЬ],112650800097094238847
867773633196,08-Г • Українська мова (Гр. 1),ACTIVE,🟤 [8 ПАРАЛЕЛЬ],112650800097094238847
867774361523,08-В • Здоров'я безпека та добробут,ACTIVE,🟤 [8 ПАРАЛЕЛЬ],112650800097094238847
867774101037,08-В • Основи християнської етики,ACTIVE,🟤 [8 ПАРАЛЕЛЬ],112650800097094238847
867773856296,08-В • Фізична культура,ACTIVE,🟤 [8 ПАРАЛЕЛЬ],112650800097094238847
855102224542,08-В • Технології (Гр. 1),ACTIVE,🟤 [8 ПАРАЛЕЛЬ],112650800097094238847
867774095517,08-В • Мистецтво,ACTIVE,🟤 [8 ПАРАЛЕЛЬ],112650800097094238847
867773792680,08-В • Інформатика (Гр. 1),ACTIVE,🟤 [8 ПАРАЛЕЛЬ],112650800097094238847
867774137225,08-В • Хімія,ACTIVE,🟤 [8 ПАРАЛЕЛЬ],112650800097094238847
867773120448,08-В • Фізика,ACTIVE,🟤 [8 ПАРАЛЕЛЬ],112650800097094238847
867762876220,08-В • Біологія,ACTIVE,🟤 [8 ПАРАЛЕЛЬ],112650800097094238847
867773901538,08-В • Географія,ACTIVE,🟤 [8 ПАРАЛЕЛЬ],112650800097094238847
867774176939,08-В • Алгебра,ACTIVE,🟤 [8 ПАРАЛЕЛЬ],112650800097094238847
867772725310,08-В • Геометрія,ACTIVE,🟤 [8 ПАРАЛЕЛЬ],112650800097094238847
867769660591,08-В • Історія України,ACTIVE,🟤 [8 ПАРАЛЕЛЬ],112650800097094238847
867774030578,08-В • Друга іноземна мова (Німецька),ACTIVE,🟤 [8 ПАРАЛЕЛЬ],112650800097094238847
867773979149,08-В • Всесвітня історія,ACTIVE,🟤 [8 ПАРАЛЕЛЬ],112650800097094238847
867774280674,08-В • Англійська мова (Гр. 1),ACTIVE,🟤 [8 ПАРАЛЕЛЬ],112650800097094238847
867772403716,08-В • Зарубіжна література,ACTIVE,🟤 [8 ПАРАЛЕЛЬ],112650800097094238847
867773801949,08-В • Українська мова (Гр. 1),ACTIVE,🟤 [8 ПАРАЛЕЛЬ],112650800097094238847
867774106412,08-В • Українська література,ACTIVE,🟤 [8 ПАРАЛЕЛЬ],112650800097094238847
867773278506,08-Б • Основи християнської етики,ACTIVE,🟤 [8 ПАРАЛЕЛЬ],112650800097094238847
867773988532,08-Б • Здоров'я безпека та добробут,ACTIVE,🟤 [8 ПАРАЛЕЛЬ],112650800097094238847
867774166476,08-Б • Фізична культура,ACTIVE,🟤 [8 ПАРАЛЕЛЬ],112650800097094238847
867774185813,08-Б • Технології (Гр. 1),ACTIVE,🟤 [8 ПАРАЛЕЛЬ],112650800097094238847
867773948610,08-Б • Мистецтво,ACTIVE,🟤 [8 ПАРАЛЕЛЬ],112650800097094238847
867773579251,08-Б • Фізика,ACTIVE,🟤 [8 ПАРАЛЕЛЬ],112650800097094238847
867773683352,08-Б • Інформатика (Гр. 1),ACTIVE,🟤 [8 ПАРАЛЕЛЬ],112650800097094238847
867773980942,08-Б • Хімія,ACTIVE,🟤 [8 ПАРАЛЕЛЬ],112650800097094238847
867773751988,08-Б • Географія,ACTIVE,🟤 [8 ПАРАЛЕЛЬ],112650800097094238847
867774242927,08-Б • Біологія,ACTIVE,🟤 [8 ПАРАЛЕЛЬ],112650800097094238847
867764268251,08-Б • Геометрія,ACTIVE,🟤 [8 ПАРАЛЕЛЬ],112650800097094238847
867772282143,08-Б • Алгебра,ACTIVE,🟤 [8 ПАРАЛЕЛЬ],112650800097094238847
867773315325,08-Б • Всесвітня історія,ACTIVE,🟤 [8 ПАРАЛЕЛЬ],112650800097094238847
867773261198,08-Б • Друга іноземна мова (Німецька),ACTIVE,🟤 [8 ПАРАЛЕЛЬ],112650800097094238847
867773742881,08-Б • Англійська мова (Гр. 1),ACTIVE,🟤 [8 ПАРАЛЕЛЬ],112650800097094238847
867773366118,08-Б • Історія України,ACTIVE,🟤 [8 ПАРАЛЕЛЬ],112650800097094238847
867773160529,08-Б • Українська література,ACTIVE,🟤 [8 ПАРАЛЕЛЬ],112650800097094238847
867773585772,08-Б • Зарубіжна література,ACTIVE,🟤 [8 ПАРАЛЕЛЬ],112650800097094238847
867772849093,08-Б • Українська мова (Гр. 1),ACTIVE,🟤 [8 ПАРАЛЕЛЬ],112650800097094238847
867772403705,08-А • Основи християнської етики,ACTIVE,🟤 [8 ПАРАЛЕЛЬ],112650800097094238847
867773945053,08-А • Технології (Гр. 1),ACTIVE,🟤 [8 ПАРАЛЕЛЬ],112650800097094238847
867773696159,08-А • Фізична культура,ACTIVE,🟤 [8 ПАРАЛЕЛЬ],112650800097094238847
867773485997,08-А • Здоров'я безпека та добробут,ACTIVE,🟤 [8 ПАРАЛЕЛЬ],112650800097094238847
867773732275,08-А • Фізика,ACTIVE,🟤 [8 ПАРАЛЕЛЬ],112650800097094238847
867774011839,08-А • Хімія,ACTIVE,🟤 [8 ПАРАЛЕЛЬ],112650800097094238847
867773267059,08-А • Мистецтво,ACTIVE,🟤 [8 ПАРАЛЕЛЬ],112650800097094238847
867773937691,08-А • Інформатика (Гр. 1),ACTIVE,🟤 [8 ПАРАЛЕЛЬ],112650800097094238847
867773661733,08-А • Географія,ACTIVE,🟤 [8 ПАРАЛЕЛЬ],112650800097094238847
867773833954,08-А • Алгебра,ACTIVE,🟤 [8 ПАРАЛЕЛЬ],112650800097094238847
867774191529,08-А • Біологія,ACTIVE,🟤 [8 ПАРАЛЕЛЬ],112650800097094238847
867773763500,08-А • Історія України,ACTIVE,🟤 [8 ПАРАЛЕЛЬ],112650800097094238847
867770411183,08-А • Геометрія,ACTIVE,🟤 [8 ПАРАЛЕЛЬ],112650800097094238847
867774045136,08-А • Всесвітня історія,ACTIVE,🟤 [8 ПАРАЛЕЛЬ],112650800097094238847
867773065393,08-А • Англійська мова (Гр. 1),ACTIVE,🟤 [8 ПАРАЛЕЛЬ],112650800097094238847
867773510080,08-А • Українська література,ACTIVE,🟤 [8 ПАРАЛЕЛЬ],112650800097094238847
867772365413,08-А • Українська мова (Гр. 1),ACTIVE,🟤 [8 ПАРАЛЕЛЬ],112650800097094238847
867773702884,08-А • Друга іноземна мова (Німецька),ACTIVE,🟤 [8 ПАРАЛЕЛЬ],112650800097094238847
867766353367,08-А • Зарубіжна література,ACTIVE,🟤 [8 ПАРАЛЕЛЬ],112650800097094238847
867773165375,"08 • Індивідуальна ФН (Екстернат, Сімейна, Педпатронаж)",ACTIVE,🟤 [8 ПАРАЛЕЛЬ],112650800097094238847
867772213059,07-Г • Основи християнської етики,ACTIVE,🟣 [7 ПАРАЛЕЛЬ],112650800097094238847
867772093943,07-Г • Фізична культура,ACTIVE,🟣 [7 ПАРАЛЕЛЬ],112650800097094238847
867771801761,07-Г • Здоров'я безпека та добробут,ACTIVE,🟣 [7 ПАРАЛЕЛЬ],112650800097094238847
867772530601,07-Г • Технології (Гр. 1),ACTIVE,🟣 [7 ПАРАЛЕЛЬ],112650800097094238847
867772006510,07-Г • Мистецтво,ACTIVE,🟣 [7 ПАРАЛЕЛЬ],112650800097094238847
867772226483,07-Г • Інформатика (Гр. 1),ACTIVE,🟣 [7 ПАРАЛЕЛЬ],112650800097094238847
867767778417,07-Г • Біологія,ACTIVE,🟣 [7 ПАРАЛЕЛЬ],112650800097094238847
867771932205,07-Г • Хімія,ACTIVE,🟣 [7 ПАРАЛЕЛЬ],112650800097094238847
867770643194,07-Г • Географія,ACTIVE,🟣 [7 ПАРАЛЕЛЬ],112650800097094238847
867771865038,07-Г • Геометрія,ACTIVE,🟣 [7 ПАРАЛЕЛЬ],112650800097094238847
867772032491,07-Г • Фізика,ACTIVE,🟣 [7 ПАРАЛЕЛЬ],112650800097094238847
867770765403,07-Г • Англійська мова (Гр. 1),ACTIVE,🟣 [7 ПАРАЛЕЛЬ],112650800097094238847
867772037425,07-Г • Друга іноземна мова (Німецька),ACTIVE,🟣 [7 ПАРАЛЕЛЬ],112650800097094238847
867772282508,07-Г • Історія України,ACTIVE,🟣 [7 ПАРАЛЕЛЬ],112650800097094238847
867761751478,07-Г • Алгебра,ACTIVE,🟣 [7 ПАРАЛЕЛЬ],112650800097094238847
867772300924,07-Г • Всесвітня історія,ACTIVE,🟣 [7 ПАРАЛЕЛЬ],112650800097094238847
867772195129,07-В • Основи християнської етики,ACTIVE,🟣 [7 ПАРАЛЕЛЬ],112650800097094238847
867772335332,07-Г • Українська література,ACTIVE,🟣 [7 ПАРАЛЕЛЬ],112650800097094238847
867771961556,07-Г • Зарубіжна література,ACTIVE,🟣 [7 ПАРАЛЕЛЬ],112650800097094238847
867772659527,07-В • Фізична культура,ACTIVE,🟣 [7 ПАРАЛЕЛЬ],112650800097094238847
867772478043,07-Г • Українська мова (Гр. 1),ACTIVE,🟣 [7 ПАРАЛЕЛЬ],112650800097094238847
867772271550,07-В • Здоров'я безпека та добробут,ACTIVE,🟣 [7 ПАРАЛЕЛЬ],112650800097094238847
867772249767,07-В • Технології (Гр. 1),ACTIVE,🟣 [7 ПАРАЛЕЛЬ],112650800097094238847
867770214307,07-В • Мистецтво,ACTIVE,🟣 [7 ПАРАЛЕЛЬ],112650800097094238847
867772520131,07-В • Інформатика (Гр. 1),ACTIVE,🟣 [7 ПАРАЛЕЛЬ],112650800097094238847
867762293242,07-В • Хімія,ACTIVE,🟣 [7 ПАРАЛЕЛЬ],112650800097094238847
867772040803,07-В • Фізика,ACTIVE,🟣 [7 ПАРАЛЕЛЬ],112650800097094238847
867772443970,07-В • Географія,ACTIVE,🟣 [7 ПАРАЛЕЛЬ],112650800097094238847
867772282498,07-В • Алгебра,ACTIVE,🟣 [7 ПАРАЛЕЛЬ],112650800097094238847
867772474258,07-В • Геометрія,ACTIVE,🟣 [7 ПАРАЛЕЛЬ],112650800097094238847
867770532281,07-В • Біологія,ACTIVE,🟣 [7 ПАРАЛЕЛЬ],112650800097094238847
867772184112,07-В • Всесвітня історія,ACTIVE,🟣 [7 ПАРАЛЕЛЬ],112650800097094238847
867771747125,07-В • Історія України,ACTIVE,🟣 [7 ПАРАЛЕЛЬ],112650800097094238847
867771265637,07-В • Друга іноземна мова (Німецька),ACTIVE,🟣 [7 ПАРАЛЕЛЬ],112650800097094238847
867772642609,07-В • Зарубіжна література,ACTIVE,🟣 [7 ПАРАЛЕЛЬ],112650800097094238847
867772270691,07-В • Англійська мова (Гр. 1),ACTIVE,🟣 [7 ПАРАЛЕЛЬ],112650800097094238847
867771834445,07-В • Українська література,ACTIVE,🟣 [7 ПАРАЛЕЛЬ],112650800097094238847
867771800839,07-Б • Фізична культура,ACTIVE,🟣 [7 ПАРАЛЕЛЬ],112650800097094238847
867771654436,07-Б • Основи християнської етики,ACTIVE,🟣 [7 ПАРАЛЕЛЬ],112650800097094238847
867769655812,07-В • Українська мова (Гр. 1),ACTIVE,🟣 [7 ПАРАЛЕЛЬ],112650800097094238847
867771470566,07-Б • Здоров'я безпека та добробут,ACTIVE,🟣 [7 ПАРАЛЕЛЬ],112650800097094238847
867771078806,07-Б • Мистецтво,ACTIVE,🟣 [7 ПАРАЛЕЛЬ],112650800097094238847
867772180108,07-Б • Технології (Гр. 1),ACTIVE,🟣 [7 ПАРАЛЕЛЬ],112650800097094238847
867772317982,07-Б • Інформатика (Гр. 1),ACTIVE,🟣 [7 ПАРАЛЕЛЬ],112650800097094238847
867771860554,07-Б • Хімія,ACTIVE,🟣 [7 ПАРАЛЕЛЬ],112650800097094238847
867771913607,07-Б • Фізика,ACTIVE,🟣 [7 ПАРАЛЕЛЬ],112650800097094238847
867772389535,07-Б • Всесвітня історія,ACTIVE,🟣 [7 ПАРАЛЕЛЬ],112650800097094238847
867768967194,07-Б • Геометрія,ACTIVE,🟣 [7 ПАРАЛЕЛЬ],112650800097094238847
867772375837,07-Б • Алгебра,ACTIVE,🟣 [7 ПАРАЛЕЛЬ],112650800097094238847
867770234674,07-Б • Біологія,ACTIVE,🟣 [7 ПАРАЛЕЛЬ],112650800097094238847
867771022512,07-Б • Географія,ACTIVE,🟣 [7 ПАРАЛЕЛЬ],112650800097094238847
867770967420,07-Б • Друга іноземна мова (Німецька),ACTIVE,🟣 [7 ПАРАЛЕЛЬ],112650800097094238847
867770573684,07-Б • Історія України,ACTIVE,🟣 [7 ПАРАЛЕЛЬ],112650800097094238847
867772300908,07-Б • Англійська мова (Гр. 1),ACTIVE,🟣 [7 ПАРАЛЕЛЬ],112650800097094238847
798179972721,07-Б • Зарубіжна література,ACTIVE,🟣 [7 ПАРАЛЕЛЬ],112650800097094238847
867771996617,07-Б • Українська література,ACTIVE,🟣 [7 ПАРАЛЕЛЬ],112650800097094238847
867772395274,07-Б • Українська мова (Гр. 1),ACTIVE,🟣 [7 ПАРАЛЕЛЬ],112650800097094238847
867772249264,07-А • Основи християнської етики,ACTIVE,🟣 [7 ПАРАЛЕЛЬ],112650800097094238847
867772322007,07-А • Здоров'я безпека та добробут,ACTIVE,🟣 [7 ПАРАЛЕЛЬ],112650800097094238847
867771845048,07-А • Фізична культура,ACTIVE,🟣 [7 ПАРАЛЕЛЬ],112650800097094238847
867772226880,07-А • Технології (Гр. 1),ACTIVE,🟣 [7 ПАРАЛЕЛЬ],112650800097094238847
867771941933,07-А • Фізика,ACTIVE,🟣 [7 ПАРАЛЕЛЬ],112650800097094238847
867772250945,07-А • Мистецтво,ACTIVE,🟣 [7 ПАРАЛЕЛЬ],112650800097094238847
867771778996,07-А • Хімія,ACTIVE,🟣 [7 ПАРАЛЕЛЬ],112650800097094238847
867772359839,07-А • Інформатика (Гр. 1),ACTIVE,🟣 [7 ПАРАЛЕЛЬ],112650800097094238847
867771237384,07-А • Географія,ACTIVE,🟣 [7 ПАРАЛЕЛЬ],112650800097094238847
867765734795,07-А • Геометрія,ACTIVE,🟣 [7 ПАРАЛЕЛЬ],112650800097094238847
867771696994,07-А • Біологія,ACTIVE,🟣 [7 ПАРАЛЕЛЬ],112650800097094238847
867771753776,07-А • Всесвітня історія,ACTIVE,🟣 [7 ПАРАЛЕЛЬ],112650800097094238847
867772416483,07-А • Історія України,ACTIVE,🟣 [7 ПАРАЛЕЛЬ],112650800097094238847
867772691200,07-А • Алгебра,ACTIVE,🟣 [7 ПАРАЛЕЛЬ],112650800097094238847
867772479478,07-А • Англійська мова (Гр. 1),ACTIVE,🟣 [7 ПАРАЛЕЛЬ],112650800097094238847
867772051115,07-А • Українська література,ACTIVE,🟣 [7 ПАРАЛЕЛЬ],112650800097094238847
867754393159,07-А • Зарубіжна література,ACTIVE,🟣 [7 ПАРАЛЕЛЬ],112650800097094238847
798180293763,07-А • Друга іноземна мова (Німецька),ACTIVE,🟣 [7 ПАРАЛЕЛЬ],112650800097094238847
867772402658,07-А • Українська мова (Гр. 1),ACTIVE,🟣 [7 ПАРАЛЕЛЬ],112650800097094238847
867772427865,"07 • Індивідуальна ФН (Екстернат, Сімейна, Педпатронаж)",ACTIVE,🟣 [7 ПАРАЛЕЛЬ],112650800097094238847
867762797896,06-Г • Математика,ACTIVE,🟦 [6 ПАРАЛЕЛЬ],112650800097094238847
867763366407,06-Г • Українська мова (Гр. 1),ACTIVE,🟦 [6 ПАРАЛЕЛЬ],112650800097094238847
867763715491,06-Г • Англійська мова (Гр. 2),ACTIVE,🟦 [6 ПАРАЛЕЛЬ],112650800097094238847
798178933434,06-Г • Англійська мова (Гр. 1),ACTIVE,🟦 [6 ПАРАЛЕЛЬ],112650800097094238847
867762116767,06-Г • Українська література,ACTIVE,🟦 [6 ПАРАЛЕЛЬ],112650800097094238847
867762729989,06-Г • Історія України. Всесвітня історія,ACTIVE,🟦 [6 ПАРАЛЕЛЬ],112650800097094238847
867762999863,06-Г • Географія,ACTIVE,🟦 [6 ПАРАЛЕЛЬ],112650800097094238847
867763686035,06-Г • Зарубіжна література,ACTIVE,🟦 [6 ПАРАЛЕЛЬ],112650800097094238847
867763210300,06-Г • Пізнаємо природу,ACTIVE,🟦 [6 ПАРАЛЕЛЬ],112650800097094238847
867763725434,06-Г • Інформатика (Гр. 1),ACTIVE,🟦 [6 ПАРАЛЕЛЬ],112650800097094238847
867762791806,06-Г • Технології (Трудове) (Гр. 1),ACTIVE,🟦 [6 ПАРАЛЕЛЬ],112650800097094238847
867763359013,06-Г • Інформатика (Гр. 2),ACTIVE,🟦 [6 ПАРАЛЕЛЬ],112650800097094238847
867741511686,06-Г • Физична культура,ACTIVE,🟦 [6 ПАРАЛЕЛЬ],112650800097094238847
867763399459,06-Г • Технології (Трудове) (Гр. 2),ACTIVE,🟦 [6 ПАРАЛЕЛЬ],112650800097094238847
867763357503,06-Г • Мистецтво,ACTIVE,🟦 [6 ПАРАЛЕЛЬ],112650800097094238847
867763748582,06-Г • Друга мова (Польська) (Гр. 1),ACTIVE,🟦 [6 ПАРАЛЕЛЬ],112650800097094238847
867763215828,06-Г • Логіка,ACTIVE,🟦 [6 ПАРАЛЕЛЬ],112650800097094238847
867762079910,06-Г • Друга мова (Польська) (Гр. 2),ACTIVE,🟦 [6 ПАРАЛЕЛЬ],112650800097094238847
867762936779,06-Г • Основи християнської етики,ACTIVE,🟦 [6 ПАРАЛЕЛЬ],112650800097094238847
798179020268,06-В • Математика,ACTIVE,🟦 [6 ПАРАЛЕЛЬ],112650800097094238847
867760860680,06-В • Українська мова (Гр. 1),ACTIVE,🟦 [6 ПАРАЛЕЛЬ],112650800097094238847
867763730143,06-В • Англійська мова (Гр. 2),ACTIVE,🟦 [6 ПАРАЛЕЛЬ],112650800097094238847
867762429077,06-В • Англійська мова (Гр. 1),ACTIVE,🟦 [6 ПАРАЛЕЛЬ],112650800097094238847
867763038604,06-В • Українська література,ACTIVE,🟦 [6 ПАРАЛЕЛЬ],112650800097094238847
867763072279,06-В • Історія України. Всесвітня історія,ACTIVE,🟦 [6 ПАРАЛЕЛЬ],112650800097094238847
867762902234,06-В • Географія,ACTIVE,🟦 [6 ПАРАЛЕЛЬ],112650800097094238847
867762495288,06-В • Зарубіжна література,ACTIVE,🟦 [6 ПАРАЛЕЛЬ],112650800097094238847
867763047529,06-В • Пізнаємо природу,ACTIVE,🟦 [6 ПАРАЛЕЛЬ],112650800097094238847
798179101024,06-В • Інформатика (Гр. 1),ACTIVE,🟦 [6 ПАРАЛЕЛЬ],112650800097094238847
867763521859,06-В • Технології (Трудове) (Гр. 1),ACTIVE,🟦 [6 ПАРАЛЕЛЬ],112650800097094238847
798179110978,06-В • Інформатика (Гр. 2),ACTIVE,🟦 [6 ПАРАЛЕЛЬ],112650800097094238847
867762898271,06-В • Физична культура,ACTIVE,🟦 [6 ПАРАЛЕЛЬ],112650800097094238847
867763692659,06-В • Технології (Трудове) (Гр. 2),ACTIVE,🟦 [6 ПАРАЛЕЛЬ],112650800097094238847
867762797851,06-В • Мистецтво,ACTIVE,🟦 [6 ПАРАЛЕЛЬ],112650800097094238847
867763314845,06-В • Друга мова (Польська) (Гр. 1),ACTIVE,🟦 [6 ПАРАЛЕЛЬ],112650800097094238847
867762614695,06-В • Логіка,ACTIVE,🟦 [6 ПАРАЛЕЛЬ],112650800097094238847
867763212206,06-В • Друга мова (Польська) (Гр. 2),ACTIVE,🟦 [6 ПАРАЛЕЛЬ],112650800097094238847
867763549591,06-В • Основи християнської етики,ACTIVE,🟦 [6 ПАРАЛЕЛЬ],112650800097094238847
867763058851,06-Б • Математика,ACTIVE,🟦 [6 ПАРАЛЕЛЬ],112650800097094238847
867763645074,06-Б • Українська мова (Гр. 1),ACTIVE,🟦 [6 ПАРАЛЕЛЬ],112650800097094238847
798179126950,06-Б • Англійська мова (Гр. 2),ACTIVE,🟦 [6 ПАРАЛЕЛЬ],112650800097094238847
867763811471,06-Б • Англійська мова (Гр. 1),ACTIVE,🟦 [6 ПАРАЛЕЛЬ],112650800097094238847
867763065545,06-Б • Українська література,ACTIVE,🟦 [6 ПАРАЛЕЛЬ],112650800097094238847
867761949865,06-Б • Історія України. Всесвітня історія,ACTIVE,🟦 [6 ПАРАЛЕЛЬ],112650800097094238847
867763619384,06-Б • Географія,ACTIVE,🟦 [6 ПАРАЛЕЛЬ],112650800097094238847
867763175510,06-Б • Зарубіжна література,ACTIVE,🟦 [6 ПАРАЛЕЛЬ],112650800097094238847
867759717100,06-Б • Пізнаємо природу,ACTIVE,🟦 [6 ПАРАЛЕЛЬ],112650800097094238847
867761765359,06-Б • Інформатика (Гр. 1),ACTIVE,🟦 [6 ПАРАЛЕЛЬ],112650800097094238847
867762809146,06-Б • Технології (Трудове) (Гр. 1),ACTIVE,🟦 [6 ПАРАЛЕЛЬ],112650800097094238847
867761126257,06-Б • Інформатика (Гр. 2),ACTIVE,🟦 [6 ПАРАЛЕЛЬ],112650800097094238847
867763327529,06-Б • Физична культура,ACTIVE,🟦 [6 ПАРАЛЕЛЬ],112650800097094238847
867763149978,06-Б • Технології (Трудове) (Гр. 2),ACTIVE,🟦 [6 ПАРАЛЕЛЬ],112650800097094238847
867763542454,06-Б • Мистецтво,ACTIVE,🟦 [6 ПАРАЛЕЛЬ],112650800097094238847
867763132533,06-Б • Друга мова (Польська) (Гр. 1),ACTIVE,🟦 [6 ПАРАЛЕЛЬ],112650800097094238847
867762903270,06-Б • Логіка,ACTIVE,🟦 [6 ПАРАЛЕЛЬ],112650800097094238847
867763322965,06-Б • Друга мова (Польська) (Гр. 2),ACTIVE,🟦 [6 ПАРАЛЕЛЬ],112650800097094238847
867763464421,06-Б • Основи християнської етики,ACTIVE,🟦 [6 ПАРАЛЕЛЬ],112650800097094238847
867762012697,05-Г • Основи християнської етики,ACTIVE,🔵 [5 ПАРАЛЕЛЬ],112650800097094238847
867761841028,05-Г • Друга мова (Польська) (Гр. 1),ACTIVE,🔵 [5 ПАРАЛЕЛЬ],112650800097094238847
867760844708,05-Г • Фізична культура,ACTIVE,🔵 [5 ПАРАЛЕЛЬ],112650800097094238847
867760962116,05-Г • Друга мова (Польська) (Гр. 2),ACTIVE,🔵 [5 ПАРАЛЕЛЬ],112650800097094238847
867754884409,05-Г • Логіка,ACTIVE,🔵 [5 ПАРАЛЕЛЬ],112650800097094238847
867746134712,05-Г • Мистецтво,ACTIVE,🔵 [5 ПАРАЛЕЛЬ],112650800097094238847
867761437122,05-Г • Технології (Трудове) (Гр. 2),ACTIVE,🔵 [5 ПАРАЛЕЛЬ],112650800097094238847
867760858967,05-Г • Інформатика (Гр. 1),ACTIVE,🔵 [5 ПАРАЛЕЛЬ],112650800097094238847
867761798952,05-Г • Інформатика (Гр. 2),ACTIVE,🔵 [5 ПАРАЛЕЛЬ],112650800097094238847
867761895101,05-Г • Технології (Трудове) (Гр. 1),ACTIVE,🔵 [5 ПАРАЛЕЛЬ],112650800097094238847
867761244876,05-Г • Англійська мова (Гр. 1),ACTIVE,🔵 [5 ПАРАЛЕЛЬ],112650800097094238847
867759759596,05-Г • Англійська мова (Гр. 2),ACTIVE,🔵 [5 ПАРАЛЕЛЬ],112650800097094238847
867761958547,05-Г • Математика,ACTIVE,🔵 [5 ПАРАЛЕЛЬ],112650800097094238847
867760719468,05-Г • Пізнаємо природу,ACTIVE,🔵 [5 ПАРАЛЕЛЬ],112650800097094238847
867759412747,05-Г • Вступ до історії України,ACTIVE,🔵 [5 ПАРАЛЕЛЬ],112650800097094238847
867761545710,05-Г • Зарубіжна література,ACTIVE,🔵 [5 ПАРАЛЕЛЬ],112650800097094238847
798178751900,05-Г • Українська література,ACTIVE,🔵 [5 ПАРАЛЕЛЬ],112650800097094238847
867760909568,05-Г • Українська мова (Гр. 1),ACTIVE,🔵 [5 ПАРАЛЕЛЬ],112650800097094238847
867761800852,05-В • Основи християнської етики,ACTIVE,🔵 [5 ПАРАЛЕЛЬ],112650800097094238847
867759714687,05-В • Друга мова (Польська) (Гр. 1),ACTIVE,🔵 [5 ПАРАЛЕЛЬ],112650800097094238847
867761804871,05-В • Фізична культура,ACTIVE,🔵 [5 ПАРАЛЕЛЬ],112650800097094238847
867746491896,05-В • Друга мова (Польська) (Гр. 2),ACTIVE,🔵 [5 ПАРАЛЕЛЬ],112650800097094238847
867760029722,05-В • Логіка,ACTIVE,🔵 [5 ПАРАЛЕЛЬ],112650800097094238847
867761865129,05-В • Мистецтво,ACTIVE,🔵 [5 ПАРАЛЕЛЬ],112650800097094238847
867761272864,05-В • Технології (Трудове) (Гр. 2),ACTIVE,🔵 [5 ПАРАЛЕЛЬ],112650800097094238847
867761549693,05-В • Інформатика (Гр. 1),ACTIVE,🔵 [5 ПАРАЛЕЛЬ],112650800097094238847
867761707653,05-В • Інформатика (Гр. 2),ACTIVE,🔵 [5 ПАРАЛЕЛЬ],112650800097094238847
867759560500,05-В • Технології (Трудове) (Гр. 1),ACTIVE,🔵 [5 ПАРАЛЕЛЬ],112650800097094238847
798178745507,05-В • Англійська мова (Гр. 1),ACTIVE,🔵 [5 ПАРАЛЕЛЬ],112650800097094238847
867761298427,05-В • Англійська мова (Гр. 2),ACTIVE,🔵 [5 ПАРАЛЕЛЬ],112650800097094238847
867760997113,05-В • Математика,ACTIVE,🔵 [5 ПАРАЛЕЛЬ],112650800097094238847
867762075664,05-В • Пізнаємо природу,ACTIVE,🔵 [5 ПАРАЛЕЛЬ],112650800097094238847
867761577542,05-В • Вступ до історії України,ACTIVE,🔵 [5 ПАРАЛЕЛЬ],112650800097094238847
867761812408,05-В • Зарубіжна література,ACTIVE,🔵 [5 ПАРАЛЕЛЬ],112650800097094238847
867761220080,05-В • Українська література,ACTIVE,🔵 [5 ПАРАЛЕЛЬ],112650800097094238847
867761493611,05-В • Українська мова (Гр. 1),ACTIVE,🔵 [5 ПАРАЛЕЛЬ],112650800097094238847
867400251453,05-Б • Українська мова (Гр. 1),ACTIVE,🔵 [5 ПАРАЛЕЛЬ],112650800097094238847
867399032607,05-Б • Українська література,ACTIVE,🔵 [5 ПАРАЛЕЛЬ],112650800097094238847
867399197602,05-Б • Зарубіжна література,ACTIVE,🔵 [5 ПАРАЛЕЛЬ],112650800097094238847
867400128322,05-Б • Вступ до історії України,ACTIVE,🔵 [5 ПАРАЛЕЛЬ],112650800097094238847
867399599207,05-Б • Пізнаємо природу,ACTIVE,🔵 [5 ПАРАЛЕЛЬ],112650800097094238847
867400215541,05-Б • Математика,ACTIVE,🔵 [5 ПАРАЛЕЛЬ],112650800097094238847
867399230602,05-Б • Англійська мова (Гр. 2),ACTIVE,🔵 [5 ПАРАЛЕЛЬ],112650800097094238847
867398475040,05-Б • Англійська мова (Гр. 1),ACTIVE,🔵 [5 ПАРАЛЕЛЬ],112650800097094238847
867400141148,05-Б • Технології (Трудове) (Гр. 1),ACTIVE,🔵 [5 ПАРАЛЕЛЬ],112650800097094238847
867388482526,05-Б • Інформатика (Гр. 2),ACTIVE,🔵 [5 ПАРАЛЕЛЬ],112650800097094238847
867400270244,05-Б • Інформатика (Гр. 1),ACTIVE,🔵 [5 ПАРАЛЕЛЬ],112650800097094238847
867379495561,05-Б • Технології (Трудове) (Гр. 2),ACTIVE,🔵 [5 ПАРАЛЕЛЬ],112650800097094238847
867400169428,05-Б • Мистецтво,ACTIVE,🔵 [5 ПАРАЛЕЛЬ],112650800097094238847
867399627744,05-Б • Логіка,ACTIVE,🔵 [5 ПАРАЛЕЛЬ],112650800097094238847
867383686133,05-Б • Друга мова (Польська) (Гр. 2),ACTIVE,🔵 [5 ПАРАЛЕЛЬ],112650800097094238847
867398475024,05-Б • Фізична культура,ACTIVE,🔵 [5 ПАРАЛЕЛЬ],112650800097094238847
867398994904,05-Б • Друга мова (Польська) (Гр. 1),ACTIVE,🔵 [5 ПАРАЛЕЛЬ],112650800097094238847
867399024932,05-Б • Основи християнської етики,ACTIVE,🔵 [5 ПАРАЛЕЛЬ],112650800097094238847
867395165268,06-А • Основи християнської етики,ACTIVE,🟦 [6 ПАРАЛЕЛЬ],112650800097094238847
867395279463,06-А • Друга мова (Польська) (Гр. 2),ACTIVE,🟦 [6 ПАРАЛЕЛЬ],112650800097094238847
867394993183,06-А • Логіка,ACTIVE,🟦 [6 ПАРАЛЕЛЬ],112650800097094238847
867394748201,"06 • Індивідуальна ФН (Екстернат, Сімейна, Педпатронаж)",ACTIVE,🟦 [6 ПАРАЛЕЛЬ],112650800097094238847
867395053468,06-А • Друга мова (Польська) (Гр. 1),ACTIVE,🟦 [6 ПАРАЛЕЛЬ],112650800097094238847
819800251319,06-А • Мистецтво,ACTIVE,🟦 [6 ПАРАЛЕЛЬ],112650800097094238847
867395140414,06-А • Технології (Трудове) (Гр. 2),ACTIVE,🟦 [6 ПАРАЛЕЛЬ],112650800097094238847
867395381673,06-А • Физична культура,ACTIVE,🟦 [6 ПАРАЛЕЛЬ],112650800097094238847
867395307820,06-А • Інформатика (Гр. 2),ACTIVE,🟦 [6 ПАРАЛЕЛЬ],112650800097094238847
867394089843,06-А • Технології (Трудове) (Гр. 1),ACTIVE,🟦 [6 ПАРАЛЕЛЬ],112650800097094238847
867394913143,06-А • Інформатика (Гр. 1),ACTIVE,🟦 [6 ПАРАЛЕЛЬ],112650800097094238847
867395102557,06-А • Пізнаємо природу,ACTIVE,🟦 [6 ПАРАЛЕЛЬ],112650800097094238847
867394773486,06-А • Зарубіжна література,ACTIVE,🟦 [6 ПАРАЛЕЛЬ],112650800097094238847
819800136252,06-А • Географія,ACTIVE,🟦 [6 ПАРАЛЕЛЬ],112650800097094238847
867395408010,06-А • Історія України. Всесвітня історія,ACTIVE,🟦 [6 ПАРАЛЕЛЬ],112650800097094238847
867395041278,06-А • Українська література,ACTIVE,🟦 [6 ПАРАЛЕЛЬ],112650800097094238847
867395139915,06-А • Англійська мова (Гр. 1),ACTIVE,🟦 [6 ПАРАЛЕЛЬ],112650800097094238847
867394252832,06-А • Англійська мова (Гр. 2),ACTIVE,🟦 [6 ПАРАЛЕЛЬ],112650800097094238847
867386203452,06-А • Українська мова (Гр. 1),ACTIVE,🟦 [6 ПАРАЛЕЛЬ],112650800097094238847
867395327327,06-А • Математика,ACTIVE,🟦 [6 ПАРАЛЕЛЬ],112650800097094238847
867375751568,05-А • Друга мова (Польська) (Гр. 2),ACTIVE,🔵 [5 ПАРАЛЕЛЬ],112650800097094238847
867378521134,05-А • Друга мова (Польська) (Гр. 1),ACTIVE,🔵 [5 ПАРАЛЕЛЬ],112650800097094238847
867377234839,05-А • Логіка,ACTIVE,🔵 [5 ПАРАЛЕЛЬ],112650800097094238847
819798666398,05-А • Основи християнської етики,ACTIVE,🔵 [5 ПАРАЛЕЛЬ],112650800097094238847
867377628712,05-А • Фізична культура,ACTIVE,🔵 [5 ПАРАЛЕЛЬ],112650800097094238847
819798674885,05-А • Мистецтво,ACTIVE,🔵 [5 ПАРАЛЕЛЬ],112650800097094238847
867377886536,05-А • Технології (Трудове) (Гр. 2),ACTIVE,🔵 [5 ПАРАЛЕЛЬ],112650800097094238847
867378182563,05-А • Технології (Трудове) (Гр. 1),ACTIVE,🔵 [5 ПАРАЛЕЛЬ],112650800097094238847
867378084948,"05-А • Здоров’я, безпека та добробут",ACTIVE,🔵 [5 ПАРАЛЕЛЬ],112650800097094238847
867376872299,05-А • Інформатика (Гр. 2),ACTIVE,🔵 [5 ПАРАЛЕЛЬ],112650800097094238847
867374997744,05-А • Інформатика (Гр. 1),ACTIVE,🔵 [5 ПАРАЛЕЛЬ],112650800097094238847
867377294384,05-А • Вступ до історії України,ACTIVE,🔵 [5 ПАРАЛЕЛЬ],112650800097094238847
867376763383,05-А • Пізнаємо природу,ACTIVE,🔵 [5 ПАРАЛЕЛЬ],112650800097094238847
819798620903,05-А • Математика,ACTIVE,🔵 [5 ПАРАЛЕЛЬ],112650800097094238847
867377773157,05-А • Англійська мова (Гр. 2),ACTIVE,🔵 [5 ПАРАЛЕЛЬ],112650800097094238847
819798717622,05-А • Англійська мова (Гр. 1),ACTIVE,🔵 [5 ПАРАЛЕЛЬ],112650800097094238847
867377831999,05-А • Зарубіжна література,ACTIVE,🔵 [5 ПАРАЛЕЛЬ],112650800097094238847
867377185388,05-А • Українська література,ACTIVE,🔵 [5 ПАРАЛЕЛЬ],112650800097094238847
867376323037,05-А • Українська мова (Гр. 1),ACTIVE,🔵 [5 ПАРАЛЕЛЬ],112650800097094238847
867376604112,"05 • Індивідуальна ФН (Екстернат, Сімейна, Педпатронаж)",ACTIVE,🔵 [5 ПАРАЛЕЛЬ],112650800097094238847
867335860978,04-Г • Інформатика (Гр. 1),ACTIVE,🟢 [4 ПАРАЛЕЛЬ],112650800097094238847
867335589149,04-А • Англійська мова (Гр. 1),ACTIVE,🟢 [4 ПАРАЛЕЛЬ],112650800097094238847
867335109249,04-Г • ,ACTIVE,🟢 [4 ПАРАЛЕЛЬ],112650800097094238847
867335907947,04-В • Інформатика (Гр. 1),ACTIVE,🟢 [4 ПАРАЛЕЛЬ],112650800097094238847
867336436019,04-В • Англійська мова (Гр. 1),ACTIVE,🟢 [4 ПАРАЛЕЛЬ],112650800097094238847
867336386177,04-В • ,ACTIVE,🟢 [4 ПАРАЛЕЛЬ],112650800097094238847
867336251785,04-Б • Інформатика (Гр. 1),ACTIVE,🟢 [4 ПАРАЛЕЛЬ],112650800097094238847
867335850617,04-Б • Англійська мова (Гр. 1),ACTIVE,🟢 [4 ПАРАЛЕЛЬ],112650800097094238847
867334808154,04-Б • ,ACTIVE,🟢 [4 ПАРАЛЕЛЬ],112650800097094238847
798125542813,04-А • Інформатика (Гр. 1),ACTIVE,🟢 [4 ПАРАЛЕЛЬ],112650800097094238847
867335080770,04-Г • Англійська мова (Гр. 1),ACTIVE,🟢 [4 ПАРАЛЕЛЬ],112650800097094238847
867336332385,04-А • ,ACTIVE,🟢 [4 ПАРАЛЕЛЬ],112650800097094238847
867331417458,02-В • Англійська мова (Гр. 1),ACTIVE,🟠 [2 ПАРАЛЕЛЬ],112650800097094238847
867324295576,"03 • Індивідуальна ФН (Екстернат, Сімейна, Педпатронаж)",ACTIVE,🟡 [3 ПАРАЛЕЛЬ],112650800097094238847
867317060340,03-Г • Інформатика (Гр. 1),ACTIVE,🟡 [3 ПАРАЛЕЛЬ],112650800097094238847
798124355764,03-Г • Англійська мова (Гр. 1),ACTIVE,🟡 [3 ПАРАЛЕЛЬ],112650800097094238847
867324504631,03-Г • ,ACTIVE,🟡 [3 ПАРАЛЕЛЬ],112650800097094238847
867323263592,03-В • Інформатика (Гр. 1),ACTIVE,🟡 [3 ПАРАЛЕЛЬ],112650800097094238847
867323939549,03-В • Англійська мова (Гр. 1),ACTIVE,🟡 [3 ПАРАЛЕЛЬ],112650800097094238847
867322809643,03-В • ,ACTIVE,🟡 [3 ПАРАЛЕЛЬ],112650800097094238847
867324393329,03-Б • Інформатика (Гр. 1),ACTIVE,🟡 [3 ПАРАЛЕЛЬ],112650800097094238847
867323305345,03-Б • Англійська мова (Гр. 1),ACTIVE,🟡 [3 ПАРАЛЕЛЬ],112650800097094238847
867323419328,03-Б • ,ACTIVE,🟡 [3 ПАРАЛЕЛЬ],112650800097094238847
867324738824,03-А • Інформатика (Гр. 1),ACTIVE,🟡 [3 ПАРАЛЕЛЬ],112650800097094238847
867324181198,03-А • Англійська мова (Гр. 1),ACTIVE,🟡 [3 ПАРАЛЕЛЬ],112650800097094238847
867323697954,03-А • ,ACTIVE,🟡 [3 ПАРАЛЕЛЬ],112650800097094238847
867312800722,"04 • Індивідуальна ФН (Екстернат, Сімейна, Педпатронаж)",ACTIVE,🟢 [4 ПАРАЛЕЛЬ],112650800097094238847
867272231020,02-Г • Англійська мова (Гр. 1),ACTIVE,🟠 [2 ПАРАЛЕЛЬ],112650800097094238847
867271652276,02-В • ,ACTIVE,🟠 [2 ПАРАЛЕЛЬ],112650800097094238847
867270615070,02-Г • ,ACTIVE,🟠 [2 ПАРАЛЕЛЬ],112650800097094238847
867271980954,02-Б • Англійська мова (Гр. 1),ACTIVE,🟠 [2 ПАРАЛЕЛЬ],112650800097094238847
867271596986,02-А • ,ACTIVE,🟠 [2 ПАРАЛЕЛЬ],112650800097094238847
867271144756,02-А • Англійська мова (Гр. 1),ACTIVE,🟠 [2 ПАРАЛЕЛЬ],112650800097094238847
867271054907,02-Б • ,ACTIVE,🟠 [2 ПАРАЛЕЛЬ],112650800097094238847
867270049349,01-Г • НУШ,ACTIVE,🔴 [1 ПАРАЛЕЛЬ],112650800097094238847
867270096376,01-Г • Англійська мова (Гр. 1),ACTIVE,🔴 [1 ПАРАЛЕЛЬ],112650800097094238847
867270052567,"01 • Індивідуальна ФН (Екстернат, Сімейна, Педпатронаж)",ACTIVE,🔴 [1 ПАРАЛЕЛЬ],112650800097094238847
867268618041,"02 • Індивідуальна ФН (Екстернат, Сімейна, Педпатронаж)",ACTIVE,🟠 [2 ПАРАЛЕЛЬ],112650800097094238847
867267818221,01-В • НУШ,ACTIVE,🔴 [1 ПАРАЛЕЛЬ],112650800097094238847
867269784292,01-Б • НУШ,ACTIVE,🔴 [1 ПАРАЛЕЛЬ],112650800097094238847
867269734400,01-Б • Англійська мова (Гр. 1),ACTIVE,🔴 [1 ПАРАЛЕЛЬ],112650800097094238847
867269419571,01-А • Англійська мова (Гр. 1),ACTIVE,🔴 [1 ПАРАЛЕЛЬ],112650800097094238847
867269348958,01-А • НУШ,ACTIVE,🔴 [1 ПАРАЛЕЛЬ],112650800097094238847
