email,id,name,description,directMembersCount,adminCreated,aliases,nonEditableAliases,allowExternalMembers,allowWebPosting,archiveOnly,customFooterText,customRolesEnabledForSettingsToBeMerged,defaultMessageDenyNotificationText,defaultSender,enableCollaborativeInbox,includeCustomFooter,includeInGlobalAddressList,isArchived,membersCanPostAsTheGroup,messageModerationLevel,primaryLanguage,replyTo,sendMessageDenyNotification,spamModerationLevel,whoCanContactOwner,whoCanJoin,whoCanLeaveGroup,whoCanPostMessage,whoCanViewGroup,whoCanViewMembership,whoCanDiscoverGroup,showInGroupDirectory,whoCanAssistContent,whoCanAssignTopics,whoCanEnterFreeFormTags,whoCanHideAbuse,whoCanMakeTopicsSticky,whoCanMarkDuplicate,whoCanMarkFavoriteReplyOnAnyTopic,whoCanMarkNoResponseNeeded,whoCanModifyTagsAndCategories,whoCanTakeTopics,whoCanUnassignTopic,whoCanUnmarkFavoriteReplyOnAnyTopic,whoCanModerateContent,whoCanApproveMessages,whoCanDeleteAnyPost,whoCanDeleteTopics,whoCanLockTopics,whoCanMoveTopicsIn,whoCanMoveTopicsOut,whoCanPostAnnouncements,whoCanModerateMembers,whoCanAdd,whoCanApproveMembers,whoCanBanUsers,whoCanInvite,whoCanModifyMembers,allowGoogleCommunication,favoriteRepliesOnTop,maxMessageBytes,messageDisplayFont,whoCanAddReferences,whoCanMarkFavoriteReplyOnOwnTopic
admin_school@schoolgus.ukr.education,04du1wux1lg3aid,Адміністрація школи,,3,True,,admin_school@schoolgus.ukr.education.test-google-a.com,false,true,false,,false,,DEFAULT_SELF,false,false,true,false,false,MODERATE_NONE,en_US,REPLY_TO_IGNORE,false,MODERATE,ANYONE_CAN_CONTACT,CAN_REQUEST_TO_JOIN,ALL_MEMBERS_CAN_LEAVE,ANYONE_CAN_POST,ALL_MEMBERS_CAN_VIEW,ALL_MEMBERS_CAN_VIEW,ALL_IN_DOMAIN_CAN_DISCOVER,false,OWNERS_AND_MANAGERS,OWNERS_AND_MANAGERS,OWNERS_AND_MANAGERS,OWNERS_AND_MANAGERS,OWNERS_AND_MANAGERS,OWNERS_AND_MANAGERS,OWNERS_AND_MANAGERS,OWNERS_AND_MANAGERS,OWNERS_AND_MANAGERS,OWNERS_AND_MANAGERS,OWNERS_AND_MANAGERS,OWNERS_AND_MANAGERS,OWNERS_AND_MANAGERS,OWNERS_AND_MANAGERS,OWNERS_AND_MANAGERS,OWNERS_AND_MANAGERS,OWNERS_AND_MANAGERS,OWNERS_AND_MANAGERS,OWNERS_AND_MANAGERS,OWNERS_AND_MANAGERS,OWNERS_AND_MANAGERS,ALL_MANAGERS_CAN_ADD,ALL_MANAGERS_CAN_APPROVE,OWNERS_AND_MANAGERS,ALL_MANAGERS_CAN_INVITE,OWNERS_AND_MANAGERS,false,true,26214400,DEFAULT_FONT,NONE,OWNERS_AND_MANAGERS
class-1-a@schoolgus.ukr.education,048pi1tg3nmdimo,1-А клас,,0,True,,class-1-a@schoolgus.ukr.education.test-google-a.com,false,true,false,,false,,DEFAULT_SELF,false,false,true,false,false,MODERATE_NONE,en_US,REPLY_TO_IGNORE,false,MODERATE,ANYONE_CAN_CONTACT,CAN_REQUEST_TO_JOIN,ALL_MEMBERS_CAN_LEAVE,ANYONE_CAN_POST,ALL_MEMBERS_CAN_VIEW,ALL_MEMBERS_CAN_VIEW,ALL_IN_DOMAIN_CAN_DISCOVER,false,OWNERS_AND_MANAGERS,OWNERS_AND_MANAGERS,OWNERS_AND_MANAGERS,OWNERS_AND_MANAGERS,OWNERS_AND_MANAGERS,OWNERS_AND_MANAGERS,OWNERS_AND_MANAGERS,OWNERS_AND_MANAGERS,OWNERS_AND_MANAGERS,OWNERS_AND_MANAGERS,OWNERS_AND_MANAGERS,OWNERS_AND_MANAGERS,OWNERS_AND_MANAGERS,OWNERS_AND_MANAGERS,OWNERS_AND_MANAGERS,OWNERS_AND_MANAGERS,OWNERS_AND_MANAGERS,OWNERS_AND_MANAGERS,OWNERS_AND_MANAGERS,OWNERS_AND_MANAGERS,OWNERS_AND_MANAGERS,ALL_MANAGERS_CAN_ADD,ALL_MANAGERS_CAN_APPROVE,OWNERS_AND_MANAGERS,ALL_MANAGERS_CAN_INVITE,OWNERS_AND_MANAGERS,false,true,26214400,DEFAULT_FONT,NONE,OWNERS_AND_MANAGERS
class-1-b@schoolgus.ukr.education,03ep43zb1jpfx3g,1-Б клас,,0,True,,class-1-b@schoolgus.ukr.education.test-google-a.com,false,true,false,,false,,DEFAULT_SELF,false,false,true,false,false,MODERATE_NONE,en_US,REPLY_TO_IGNORE,false,MODERATE,ANYONE_CAN_CONTACT,CAN_REQUEST_TO_JOIN,ALL_MEMBERS_CAN_LEAVE,ANYONE_CAN_POST,ALL_MEMBERS_CAN_VIEW,ALL_MEMBERS_CAN_VIEW,ALL_IN_DOMAIN_CAN_DISCOVER,false,OWNERS_AND_MANAGERS,OWNERS_AND_MANAGERS,OWNERS_AND_MANAGERS,OWNERS_AND_MANAGERS,OWNERS_AND_MANAGERS,OWNERS_AND_MANAGERS,OWNERS_AND_MANAGERS,OWNERS_AND_MANAGERS,OWNERS_AND_MANAGERS,OWNERS_AND_MANAGERS,OWNERS_AND_MANAGERS,OWNERS_AND_MANAGERS,OWNERS_AND_MANAGERS,OWNERS_AND_MANAGERS,OWNERS_AND_MANAGERS,OWNERS_AND_MANAGERS,OWNERS_AND_MANAGERS,OWNERS_AND_MANAGERS,OWNERS_AND_MANAGERS,OWNERS_AND_MANAGERS,OWNERS_AND_MANAGERS,ALL_MANAGERS_CAN_ADD,ALL_MANAGERS_CAN_APPROVE,OWNERS_AND_MANAGERS,ALL_MANAGERS_CAN_INVITE,OWNERS_AND_MANAGERS,false,true,26214400,DEFAULT_FONT,NONE,OWNERS_AND_MANAGERS
class-1-g@schoolgus.ukr.education,02iq8gzs2c229tb,1-Г клас,,0,True,,class-1-g@schoolgus.ukr.education.test-google-a.com,false,true,false,,false,,DEFAULT_SELF,false,false,true,false,false,MODERATE_NONE,en_US,REPLY_TO_IGNORE,false,MODERATE,ANYONE_CAN_CONTACT,CAN_REQUEST_TO_JOIN,ALL_MEMBERS_CAN_LEAVE,ANYONE_CAN_POST,ALL_MEMBERS_CAN_VIEW,ALL_MEMBERS_CAN_VIEW,ALL_IN_DOMAIN_CAN_DISCOVER,false,OWNERS_AND_MANAGERS,OWNERS_AND_MANAGERS,OWNERS_AND_MANAGERS,OWNERS_AND_MANAGERS,OWNERS_AND_MANAGERS,OWNERS_AND_MANAGERS,OWNERS_AND_MANAGERS,OWNERS_AND_MANAGERS,OWNERS_AND_MANAGERS,OWNERS_AND_MANAGERS,OWNERS_AND_MANAGERS,OWNERS_AND_MANAGERS,OWNERS_AND_MANAGERS,OWNERS_AND_MANAGERS,OWNERS_AND_MANAGERS,OWNERS_AND_MANAGERS,OWNERS_AND_MANAGERS,OWNERS_AND_MANAGERS,OWNERS_AND_MANAGERS,OWNERS_AND_MANAGERS,OWNERS_AND_MANAGERS,ALL_MANAGERS_CAN_ADD,ALL_MANAGERS_CAN_APPROVE,OWNERS_AND_MANAGERS,ALL_MANAGERS_CAN_INVITE,OWNERS_AND_MANAGERS,false,true,26214400,DEFAULT_FONT,NONE,OWNERS_AND_MANAGERS
class-1-v@schoolgus.ukr.education,03hv69ve44jty01,1-В клас,,0,True,,class-1-v@schoolgus.ukr.education.test-google-a.com,false,true,false,,false,,DEFAULT_SELF,false,false,true,false,false,MODERATE_NONE,en_US,REPLY_TO_IGNORE,false,MODERATE,ANYONE_CAN_CONTACT,CAN_REQUEST_TO_JOIN,ALL_MEMBERS_CAN_LEAVE,ANYONE_CAN_POST,ALL_MEMBERS_CAN_VIEW,ALL_MEMBERS_CAN_VIEW,ALL_IN_DOMAIN_CAN_DISCOVER,false,OWNERS_AND_MANAGERS,OWNERS_AND_MANAGERS,OWNERS_AND_MANAGERS,OWNERS_AND_MANAGERS,OWNERS_AND_MANAGERS,OWNERS_AND_MANAGERS,OWNERS_AND_MANAGERS,OWNERS_AND_MANAGERS,OWNERS_AND_MANAGERS,OWNERS_AND_MANAGERS,OWNERS_AND_MANAGERS,OWNERS_AND_MANAGERS,OWNERS_AND_MANAGERS,OWNERS_AND_MANAGERS,OWNERS_AND_MANAGERS,OWNERS_AND_MANAGERS,OWNERS_AND_MANAGERS,OWNERS_AND_MANAGERS,OWNERS_AND_MANAGERS,OWNERS_AND_MANAGERS,OWNERS_AND_MANAGERS,ALL_MANAGERS_CAN_ADD,ALL_MANAGERS_CAN_APPROVE,OWNERS_AND_MANAGERS,ALL_MANAGERS_CAN_INVITE,OWNERS_AND_MANAGERS,false,true,26214400,DEFAULT_FONT,NONE,OWNERS_AND_MANAGERS
class-10-a@schoolgus.ukr.education,0111kx3o1spke98,10-А клас,,24,True,,class-10-a@schoolgus.ukr.education.test-google-a.com,false,true,false,,false,,DEFAULT_SELF,false,false,true,false,false,MODERATE_NONE,en_US,REPLY_TO_IGNORE,false,MODERATE,ANYONE_CAN_CONTACT,CAN_REQUEST_TO_JOIN,ALL_MEMBERS_CAN_LEAVE,ANYONE_CAN_POST,ALL_MEMBERS_CAN_VIEW,ALL_MEMBERS_CAN_VIEW,ALL_IN_DOMAIN_CAN_DISCOVER,false,OWNERS_AND_MANAGERS,OWNERS_AND_MANAGERS,OWNERS_AND_MANAGERS,OWNERS_AND_MANAGERS,OWNERS_AND_MANAGERS,OWNERS_AND_MANAGERS,OWNERS_AND_MANAGERS,OWNERS_AND_MANAGERS,OWNERS_AND_MANAGERS,OWNERS_AND_MANAGERS,OWNERS_AND_MANAGERS,OWNERS_AND_MANAGERS,OWNERS_AND_MANAGERS,OWNERS_AND_MANAGERS,OWNERS_AND_MANAGERS,OWNERS_AND_MANAGERS,OWNERS_AND_MANAGERS,OWNERS_AND_MANAGERS,OWNERS_AND_MANAGERS,OWNERS_AND_MANAGERS,OWNERS_AND_MANAGERS,ALL_MANAGERS_CAN_ADD,ALL_MANAGERS_CAN_APPROVE,OWNERS_AND_MANAGERS,ALL_MANAGERS_CAN_INVITE,OWNERS_AND_MANAGERS,false,true,26214400,DEFAULT_FONT,NONE,OWNERS_AND_MANAGERS
class-10-b@schoolgus.ukr.education,04anzqyu42bjl19,10-Б клас,,25,True,,class-10-b@schoolgus.ukr.education.test-google-a.com,false,true,false,,false,,DEFAULT_SELF,false,false,true,false,false,MODERATE_NONE,en_US,REPLY_TO_IGNORE,false,MODERATE,ANYONE_CAN_CONTACT,CAN_REQUEST_TO_JOIN,ALL_MEMBERS_CAN_LEAVE,ANYONE_CAN_POST,ALL_MEMBERS_CAN_VIEW,ALL_MEMBERS_CAN_VIEW,ALL_IN_DOMAIN_CAN_DISCOVER,false,OWNERS_AND_MANAGERS,OWNERS_AND_MANAGERS,OWNERS_AND_MANAGERS,OWNERS_AND_MANAGERS,OWNERS_AND_MANAGERS,OWNERS_AND_MANAGERS,OWNERS_AND_MANAGERS,OWNERS_AND_MANAGERS,OWNERS_AND_MANAGERS,OWNERS_AND_MANAGERS,OWNERS_AND_MANAGERS,OWNERS_AND_MANAGERS,OWNERS_AND_MANAGERS,OWNERS_AND_MANAGERS,OWNERS_AND_MANAGERS,OWNERS_AND_MANAGERS,OWNERS_AND_MANAGERS,OWNERS_AND_MANAGERS,OWNERS_AND_MANAGERS,OWNERS_AND_MANAGERS,OWNERS_AND_MANAGERS,ALL_MANAGERS_CAN_ADD,ALL_MANAGERS_CAN_APPROVE,OWNERS_AND_MANAGERS,ALL_MANAGERS_CAN_INVITE,OWNERS_AND_MANAGERS,false,true,26214400,DEFAULT_FONT,NONE,OWNERS_AND_MANAGERS
class-10-g@schoolgus.ukr.education,02fk6b3p2oczibi,10-Г клас,10-Г клас,0,True,,class-10-g@schoolgus.ukr.education.test-google-a.com,false,true,false,,false,,DEFAULT_SELF,false,false,true,false,false,MODERATE_NONE,en_US,REPLY_TO_IGNORE,false,MODERATE,ANYONE_CAN_CONTACT,CAN_REQUEST_TO_JOIN,ALL_MEMBERS_CAN_LEAVE,ANYONE_CAN_POST,ALL_MEMBERS_CAN_VIEW,ALL_MEMBERS_CAN_VIEW,ALL_IN_DOMAIN_CAN_DISCOVER,false,OWNERS_AND_MANAGERS,OWNERS_AND_MANAGERS,OWNERS_AND_MANAGERS,OWNERS_AND_MANAGERS,OWNERS_AND_MANAGERS,OWNERS_AND_MANAGERS,OWNERS_AND_MANAGERS,OWNERS_AND_MANAGERS,OWNERS_AND_MANAGERS,OWNERS_AND_MANAGERS,OWNERS_AND_MANAGERS,OWNERS_AND_MANAGERS,OWNERS_AND_MANAGERS,OWNERS_AND_MANAGERS,OWNERS_AND_MANAGERS,OWNERS_AND_MANAGERS,OWNERS_AND_MANAGERS,OWNERS_AND_MANAGERS,OWNERS_AND_MANAGERS,OWNERS_AND_MANAGERS,OWNERS_AND_MANAGERS,ALL_MANAGERS_CAN_ADD,ALL_MANAGERS_CAN_APPROVE,OWNERS_AND_MANAGERS,ALL_MANAGERS_CAN_INVITE,OWNERS_AND_MANAGERS,false,true,26214400,DEFAULT_FONT,NONE,OWNERS_AND_MANAGERS
class-10-v@schoolgus.ukr.education,03vac5uf1f1rblz,10-В клас,,25,True,,class-10-v@schoolgus.ukr.education.test-google-a.com,false,true,false,,false,,DEFAULT_SELF,false,false,true,false,false,MODERATE_NONE,en_US,REPLY_TO_IGNORE,false,MODERATE,ANYONE_CAN_CONTACT,CAN_REQUEST_TO_JOIN,ALL_MEMBERS_CAN_LEAVE,ANYONE_CAN_POST,ALL_MEMBERS_CAN_VIEW,ALL_MEMBERS_CAN_VIEW,ALL_IN_DOMAIN_CAN_DISCOVER,false,OWNERS_AND_MANAGERS,OWNERS_AND_MANAGERS,OWNERS_AND_MANAGERS,OWNERS_AND_MANAGERS,OWNERS_AND_MANAGERS,OWNERS_AND_MANAGERS,OWNERS_AND_MANAGERS,OWNERS_AND_MANAGERS,OWNERS_AND_MANAGERS,OWNERS_AND_MANAGERS,OWNERS_AND_MANAGERS,OWNERS_AND_MANAGERS,OWNERS_AND_MANAGERS,OWNERS_AND_MANAGERS,OWNERS_AND_MANAGERS,OWNERS_AND_MANAGERS,OWNERS_AND_MANAGERS,OWNERS_AND_MANAGERS,OWNERS_AND_MANAGERS,OWNERS_AND_MANAGERS,OWNERS_AND_MANAGERS,ALL_MANAGERS_CAN_ADD,ALL_MANAGERS_CAN_APPROVE,OWNERS_AND_MANAGERS,ALL_MANAGERS_CAN_INVITE,OWNERS_AND_MANAGERS,false,true,26214400,DEFAULT_FONT,NONE,OWNERS_AND_MANAGERS
class-11-a@schoolgus.ukr.education,01664s550j390er,11-А клас,,20,True,,class-11-a@schoolgus.ukr.education.test-google-a.com,false,true,false,,false,,DEFAULT_SELF,false,false,true,false,false,MODERATE_NONE,en_US,REPLY_TO_IGNORE,false,MODERATE,ANYONE_CAN_CONTACT,CAN_REQUEST_TO_JOIN,ALL_MEMBERS_CAN_LEAVE,ANYONE_CAN_POST,ALL_MEMBERS_CAN_VIEW,ALL_MEMBERS_CAN_VIEW,ALL_IN_DOMAIN_CAN_DISCOVER,false,OWNERS_AND_MANAGERS,OWNERS_AND_MANAGERS,OWNERS_AND_MANAGERS,OWNERS_AND_MANAGERS,OWNERS_AND_MANAGERS,OWNERS_AND_MANAGERS,OWNERS_AND_MANAGERS,OWNERS_AND_MANAGERS,OWNERS_AND_MANAGERS,OWNERS_AND_MANAGERS,OWNERS_AND_MANAGERS,OWNERS_AND_MANAGERS,OWNERS_AND_MANAGERS,OWNERS_AND_MANAGERS,OWNERS_AND_MANAGERS,OWNERS_AND_MANAGERS,OWNERS_AND_MANAGERS,OWNERS_AND_MANAGERS,OWNERS_AND_MANAGERS,OWNERS_AND_MANAGERS,OWNERS_AND_MANAGERS,ALL_MANAGERS_CAN_ADD,ALL_MANAGERS_CAN_APPROVE,OWNERS_AND_MANAGERS,ALL_MANAGERS_CAN_INVITE,OWNERS_AND_MANAGERS,false,true,26214400,DEFAULT_FONT,NONE,OWNERS_AND_MANAGERS
class-11-b@schoolgus.ukr.education,02koq6561oxk6jk,11-Б клас,11-Б клас,0,True,,class-11-b@schoolgus.ukr.education.test-google-a.com,false,true,false,,false,,DEFAULT_SELF,false,false,true,false,false,MODERATE_NONE,en_US,REPLY_TO_IGNORE,false,MODERATE,ANYONE_CAN_CONTACT,CAN_REQUEST_TO_JOIN,ALL_MEMBERS_CAN_LEAVE,ANYONE_CAN_POST,ALL_MEMBERS_CAN_VIEW,ALL_MEMBERS_CAN_VIEW,ALL_IN_DOMAIN_CAN_DISCOVER,false,OWNERS_AND_MANAGERS,OWNERS_AND_MANAGERS,OWNERS_AND_MANAGERS,OWNERS_AND_MANAGERS,OWNERS_AND_MANAGERS,OWNERS_AND_MANAGERS,OWNERS_AND_MANAGERS,OWNERS_AND_MANAGERS,OWNERS_AND_MANAGERS,OWNERS_AND_MANAGERS,OWNERS_AND_MANAGERS,OWNERS_AND_MANAGERS,OWNERS_AND_MANAGERS,OWNERS_AND_MANAGERS,OWNERS_AND_MANAGERS,OWNERS_AND_MANAGERS,OWNERS_AND_MANAGERS,OWNERS_AND_MANAGERS,OWNERS_AND_MANAGERS,OWNERS_AND_MANAGERS,OWNERS_AND_MANAGERS,ALL_MANAGERS_CAN_ADD,ALL_MANAGERS_CAN_APPROVE,OWNERS_AND_MANAGERS,ALL_MANAGERS_CAN_INVITE,OWNERS_AND_MANAGERS,false,true,26214400,DEFAULT_FONT,NONE,OWNERS_AND_MANAGERS
class-11-g@schoolgus.ukr.education,02lwamvv2zwlfnq,11-Г клас,11-Г клас,0,True,,class-11-g@schoolgus.ukr.education.test-google-a.com,false,true,false,,false,,DEFAULT_SELF,false,false,true,false,false,MODERATE_NONE,en_US,REPLY_TO_IGNORE,false,MODERATE,ANYONE_CAN_CONTACT,CAN_REQUEST_TO_JOIN,ALL_MEMBERS_CAN_LEAVE,ANYONE_CAN_POST,ALL_MEMBERS_CAN_VIEW,ALL_MEMBERS_CAN_VIEW,ALL_IN_DOMAIN_CAN_DISCOVER,false,OWNERS_AND_MANAGERS,OWNERS_AND_MANAGERS,OWNERS_AND_MANAGERS,OWNERS_AND_MANAGERS,OWNERS_AND_MANAGERS,OWNERS_AND_MANAGERS,OWNERS_AND_MANAGERS,OWNERS_AND_MANAGERS,OWNERS_AND_MANAGERS,OWNERS_AND_MANAGERS,OWNERS_AND_MANAGERS,OWNERS_AND_MANAGERS,OWNERS_AND_MANAGERS,OWNERS_AND_MANAGERS,OWNERS_AND_MANAGERS,OWNERS_AND_MANAGERS,OWNERS_AND_MANAGERS,OWNERS_AND_MANAGERS,OWNERS_AND_MANAGERS,OWNERS_AND_MANAGERS,OWNERS_AND_MANAGERS,ALL_MANAGERS_CAN_ADD,ALL_MANAGERS_CAN_APPROVE,OWNERS_AND_MANAGERS,ALL_MANAGERS_CAN_INVITE,OWNERS_AND_MANAGERS,false,true,26214400,DEFAULT_FONT,NONE,OWNERS_AND_MANAGERS
class-11-v@schoolgus.ukr.education,00xvir7l0snjwn7,11-В клас,11-В клас,0,True,,class-11-v@schoolgus.ukr.education.test-google-a.com,false,true,false,,false,,DEFAULT_SELF,false,false,true,false,false,MODERATE_NONE,en_US,REPLY_TO_IGNORE,false,MODERATE,ANYONE_CAN_CONTACT,CAN_REQUEST_TO_JOIN,ALL_MEMBERS_CAN_LEAVE,ANYONE_CAN_POST,ALL_MEMBERS_CAN_VIEW,ALL_MEMBERS_CAN_VIEW,ALL_IN_DOMAIN_CAN_DISCOVER,false,OWNERS_AND_MANAGERS,OWNERS_AND_MANAGERS,OWNERS_AND_MANAGERS,OWNERS_AND_MANAGERS,OWNERS_AND_MANAGERS,OWNERS_AND_MANAGERS,OWNERS_AND_MANAGERS,OWNERS_AND_MANAGERS,OWNERS_AND_MANAGERS,OWNERS_AND_MANAGERS,OWNERS_AND_MANAGERS,OWNERS_AND_MANAGERS,OWNERS_AND_MANAGERS,OWNERS_AND_MANAGERS,OWNERS_AND_MANAGERS,OWNERS_AND_MANAGERS,OWNERS_AND_MANAGERS,OWNERS_AND_MANAGERS,OWNERS_AND_MANAGERS,OWNERS_AND_MANAGERS,OWNERS_AND_MANAGERS,ALL_MANAGERS_CAN_ADD,ALL_MANAGERS_CAN_APPROVE,OWNERS_AND_MANAGERS,ALL_MANAGERS_CAN_INVITE,OWNERS_AND_MANAGERS,false,true,26214400,DEFAULT_FONT,NONE,OWNERS_AND_MANAGERS
class-2-a@schoolgus.ukr.education,03dy6vkm35bwwa9,2-А клас,,19,True,,class-2-a@schoolgus.ukr.education.test-google-a.com,false,true,false,,false,,DEFAULT_SELF,false,false,true,false,false,MODERATE_NONE,en_US,REPLY_TO_IGNORE,false,MODERATE,ANYONE_CAN_CONTACT,CAN_REQUEST_TO_JOIN,ALL_MEMBERS_CAN_LEAVE,ANYONE_CAN_POST,ALL_MEMBERS_CAN_VIEW,ALL_MEMBERS_CAN_VIEW,ALL_IN_DOMAIN_CAN_DISCOVER,false,OWNERS_AND_MANAGERS,OWNERS_AND_MANAGERS,OWNERS_AND_MANAGERS,OWNERS_AND_MANAGERS,OWNERS_AND_MANAGERS,OWNERS_AND_MANAGERS,OWNERS_AND_MANAGERS,OWNERS_AND_MANAGERS,OWNERS_AND_MANAGERS,OWNERS_AND_MANAGERS,OWNERS_AND_MANAGERS,OWNERS_AND_MANAGERS,OWNERS_AND_MANAGERS,OWNERS_AND_MANAGERS,OWNERS_AND_MANAGERS,OWNERS_AND_MANAGERS,OWNERS_AND_MANAGERS,OWNERS_AND_MANAGERS,OWNERS_AND_MANAGERS,OWNERS_AND_MANAGERS,OWNERS_AND_MANAGERS,ALL_MANAGERS_CAN_ADD,ALL_MANAGERS_CAN_APPROVE,OWNERS_AND_MANAGERS,ALL_MANAGERS_CAN_INVITE,OWNERS_AND_MANAGERS,false,true,26214400,DEFAULT_FONT,NONE,OWNERS_AND_MANAGERS
class-2-b@schoolgus.ukr.education,00haapch2egaqbq,2-Б клас,,16,True,,class-2-b@schoolgus.ukr.education.test-google-a.com,false,true,false,,false,,DEFAULT_SELF,false,false,true,false,false,MODERATE_NONE,en_US,REPLY_TO_IGNORE,false,MODERATE,ANYONE_CAN_CONTACT,CAN_REQUEST_TO_JOIN,ALL_MEMBERS_CAN_LEAVE,ANYONE_CAN_POST,ALL_MEMBERS_CAN_VIEW,ALL_MEMBERS_CAN_VIEW,ALL_IN_DOMAIN_CAN_DISCOVER,false,OWNERS_AND_MANAGERS,OWNERS_AND_MANAGERS,OWNERS_AND_MANAGERS,OWNERS_AND_MANAGERS,OWNERS_AND_MANAGERS,OWNERS_AND_MANAGERS,OWNERS_AND_MANAGERS,OWNERS_AND_MANAGERS,OWNERS_AND_MANAGERS,OWNERS_AND_MANAGERS,OWNERS_AND_MANAGERS,OWNERS_AND_MANAGERS,OWNERS_AND_MANAGERS,OWNERS_AND_MANAGERS,OWNERS_AND_MANAGERS,OWNERS_AND_MANAGERS,OWNERS_AND_MANAGERS,OWNERS_AND_MANAGERS,OWNERS_AND_MANAGERS,OWNERS_AND_MANAGERS,OWNERS_AND_MANAGERS,ALL_MANAGERS_CAN_ADD,ALL_MANAGERS_CAN_APPROVE,OWNERS_AND_MANAGERS,ALL_MANAGERS_CAN_INVITE,OWNERS_AND_MANAGERS,false,true,26214400,DEFAULT_FONT,NONE,OWNERS_AND_MANAGERS
class-2-v@schoolgus.ukr.education,01opuj5n1j1c4lk,2-В клас,,17,True,,class-2-v@schoolgus.ukr.education.test-google-a.com,false,true,false,,false,,DEFAULT_SELF,false,false,true,false,false,MODERATE_NONE,en_US,REPLY_TO_IGNORE,false,MODERATE,ANYONE_CAN_CONTACT,CAN_REQUEST_TO_JOIN,ALL_MEMBERS_CAN_LEAVE,ANYONE_CAN_POST,ALL_MEMBERS_CAN_VIEW,ALL_MEMBERS_CAN_VIEW,ALL_IN_DOMAIN_CAN_DISCOVER,false,OWNERS_AND_MANAGERS,OWNERS_AND_MANAGERS,OWNERS_AND_MANAGERS,OWNERS_AND_MANAGERS,OWNERS_AND_MANAGERS,OWNERS_AND_MANAGERS,OWNERS_AND_MANAGERS,OWNERS_AND_MANAGERS,OWNERS_AND_MANAGERS,OWNERS_AND_MANAGERS,OWNERS_AND_MANAGERS,OWNERS_AND_MANAGERS,OWNERS_AND_MANAGERS,OWNERS_AND_MANAGERS,OWNERS_AND_MANAGERS,OWNERS_AND_MANAGERS,OWNERS_AND_MANAGERS,OWNERS_AND_MANAGERS,OWNERS_AND_MANAGERS,OWNERS_AND_MANAGERS,OWNERS_AND_MANAGERS,ALL_MANAGERS_CAN_ADD,ALL_MANAGERS_CAN_APPROVE,OWNERS_AND_MANAGERS,ALL_MANAGERS_CAN_INVITE,OWNERS_AND_MANAGERS,false,true,26214400,DEFAULT_FONT,NONE,OWNERS_AND_MANAGERS
class-3-a@schoolgus.ukr.education,01qoc8b12bqef3l,3-А клас,,22,True,,class-3-a@schoolgus.ukr.education.test-google-a.com,false,true,false,,false,,DEFAULT_SELF,false,false,true,false,false,MODERATE_NONE,en_US,REPLY_TO_IGNORE,false,MODERATE,ANYONE_CAN_CONTACT,CAN_REQUEST_TO_JOIN,ALL_MEMBERS_CAN_LEAVE,ANYONE_CAN_POST,ALL_MEMBERS_CAN_VIEW,ALL_MEMBERS_CAN_VIEW,ALL_IN_DOMAIN_CAN_DISCOVER,false,OWNERS_AND_MANAGERS,OWNERS_AND_MANAGERS,OWNERS_AND_MANAGERS,OWNERS_AND_MANAGERS,OWNERS_AND_MANAGERS,OWNERS_AND_MANAGERS,OWNERS_AND_MANAGERS,OWNERS_AND_MANAGERS,OWNERS_AND_MANAGERS,OWNERS_AND_MANAGERS,OWNERS_AND_MANAGERS,OWNERS_AND_MANAGERS,OWNERS_AND_MANAGERS,OWNERS_AND_MANAGERS,OWNERS_AND_MANAGERS,OWNERS_AND_MANAGERS,OWNERS_AND_MANAGERS,OWNERS_AND_MANAGERS,OWNERS_AND_MANAGERS,OWNERS_AND_MANAGERS,OWNERS_AND_MANAGERS,ALL_MANAGERS_CAN_ADD,ALL_MANAGERS_CAN_APPROVE,OWNERS_AND_MANAGERS,ALL_MANAGERS_CAN_INVITE,OWNERS_AND_MANAGERS,false,true,26214400,DEFAULT_FONT,NONE,OWNERS_AND_MANAGERS
class-3-b@schoolgus.ukr.education,030j0zll24aa1la,3-Б клас,,18,True,,class-3-b@schoolgus.ukr.education.test-google-a.com,false,true,false,,false,,DEFAULT_SELF,false,false,true,false,false,MODERATE_NONE,en_US,REPLY_TO_IGNORE,false,MODERATE,ANYONE_CAN_CONTACT,CAN_REQUEST_TO_JOIN,ALL_MEMBERS_CAN_LEAVE,ANYONE_CAN_POST,ALL_MEMBERS_CAN_VIEW,ALL_MEMBERS_CAN_VIEW,ALL_IN_DOMAIN_CAN_DISCOVER,false,OWNERS_AND_MANAGERS,OWNERS_AND_MANAGERS,OWNERS_AND_MANAGERS,OWNERS_AND_MANAGERS,OWNERS_AND_MANAGERS,OWNERS_AND_MANAGERS,OWNERS_AND_MANAGERS,OWNERS_AND_MANAGERS,OWNERS_AND_MANAGERS,OWNERS_AND_MANAGERS,OWNERS_AND_MANAGERS,OWNERS_AND_MANAGERS,OWNERS_AND_MANAGERS,OWNERS_AND_MANAGERS,OWNERS_AND_MANAGERS,OWNERS_AND_MANAGERS,OWNERS_AND_MANAGERS,OWNERS_AND_MANAGERS,OWNERS_AND_MANAGERS,OWNERS_AND_MANAGERS,OWNERS_AND_MANAGERS,ALL_MANAGERS_CAN_ADD,ALL_MANAGERS_CAN_APPROVE,OWNERS_AND_MANAGERS,ALL_MANAGERS_CAN_INVITE,OWNERS_AND_MANAGERS,false,true,26214400,DEFAULT_FONT,NONE,OWNERS_AND_MANAGERS
class-3-v@schoolgus.ukr.education,046r0co21qn5ugk,3-В клас,,18,True,,class-3-v@schoolgus.ukr.education.test-google-a.com,false,true,false,,false,,DEFAULT_SELF,false,false,true,false,false,MODERATE_NONE,en_US,REPLY_TO_IGNORE,false,MODERATE,ANYONE_CAN_CONTACT,CAN_REQUEST_TO_JOIN,ALL_MEMBERS_CAN_LEAVE,ANYONE_CAN_POST,ALL_MEMBERS_CAN_VIEW,ALL_MEMBERS_CAN_VIEW,ALL_IN_DOMAIN_CAN_DISCOVER,false,OWNERS_AND_MANAGERS,OWNERS_AND_MANAGERS,OWNERS_AND_MANAGERS,OWNERS_AND_MANAGERS,OWNERS_AND_MANAGERS,OWNERS_AND_MANAGERS,OWNERS_AND_MANAGERS,OWNERS_AND_MANAGERS,OWNERS_AND_MANAGERS,OWNERS_AND_MANAGERS,OWNERS_AND_MANAGERS,OWNERS_AND_MANAGERS,OWNERS_AND_MANAGERS,OWNERS_AND_MANAGERS,OWNERS_AND_MANAGERS,OWNERS_AND_MANAGERS,OWNERS_AND_MANAGERS,OWNERS_AND_MANAGERS,OWNERS_AND_MANAGERS,OWNERS_AND_MANAGERS,OWNERS_AND_MANAGERS,ALL_MANAGERS_CAN_ADD,ALL_MANAGERS_CAN_APPROVE,OWNERS_AND_MANAGERS,ALL_MANAGERS_CAN_INVITE,OWNERS_AND_MANAGERS,false,true,26214400,DEFAULT_FONT,NONE,OWNERS_AND_MANAGERS
class-4-a@schoolgus.ukr.education,02dlolyb26lndku,4-А клас,,24,True,,class-4-a@schoolgus.ukr.education.test-google-a.com,false,true,false,,false,,DEFAULT_SELF,false,false,true,false,false,MODERATE_NONE,en_US,REPLY_TO_IGNORE,false,MODERATE,ANYONE_CAN_CONTACT,CAN_REQUEST_TO_JOIN,ALL_MEMBERS_CAN_LEAVE,ANYONE_CAN_POST,ALL_MEMBERS_CAN_VIEW,ALL_MEMBERS_CAN_VIEW,ALL_IN_DOMAIN_CAN_DISCOVER,false,OWNERS_AND_MANAGERS,OWNERS_AND_MANAGERS,OWNERS_AND_MANAGERS,OWNERS_AND_MANAGERS,OWNERS_AND_MANAGERS,OWNERS_AND_MANAGERS,OWNERS_AND_MANAGERS,OWNERS_AND_MANAGERS,OWNERS_AND_MANAGERS,OWNERS_AND_MANAGERS,OWNERS_AND_MANAGERS,OWNERS_AND_MANAGERS,OWNERS_AND_MANAGERS,OWNERS_AND_MANAGERS,OWNERS_AND_MANAGERS,OWNERS_AND_MANAGERS,OWNERS_AND_MANAGERS,OWNERS_AND_MANAGERS,OWNERS_AND_MANAGERS,OWNERS_AND_MANAGERS,OWNERS_AND_MANAGERS,ALL_MANAGERS_CAN_ADD,ALL_MANAGERS_CAN_APPROVE,OWNERS_AND_MANAGERS,ALL_MANAGERS_CAN_INVITE,OWNERS_AND_MANAGERS,false,true,26214400,DEFAULT_FONT,NONE,OWNERS_AND_MANAGERS
class-4-b@schoolgus.ukr.education,03oy7u2919r9213,4-Б клас,,21,True,,class-4-b@schoolgus.ukr.education.test-google-a.com,false,true,false,,false,,DEFAULT_SELF,false,false,true,false,false,MODERATE_NONE,en_US,REPLY_TO_IGNORE,false,MODERATE,ANYONE_CAN_CONTACT,CAN_REQUEST_TO_JOIN,ALL_MEMBERS_CAN_LEAVE,ANYONE_CAN_POST,ALL_MEMBERS_CAN_VIEW,ALL_MEMBERS_CAN_VIEW,ALL_IN_DOMAIN_CAN_DISCOVER,false,OWNERS_AND_MANAGERS,OWNERS_AND_MANAGERS,OWNERS_AND_MANAGERS,OWNERS_AND_MANAGERS,OWNERS_AND_MANAGERS,OWNERS_AND_MANAGERS,OWNERS_AND_MANAGERS,OWNERS_AND_MANAGERS,OWNERS_AND_MANAGERS,OWNERS_AND_MANAGERS,OWNERS_AND_MANAGERS,OWNERS_AND_MANAGERS,OWNERS_AND_MANAGERS,OWNERS_AND_MANAGERS,OWNERS_AND_MANAGERS,OWNERS_AND_MANAGERS,OWNERS_AND_MANAGERS,OWNERS_AND_MANAGERS,OWNERS_AND_MANAGERS,OWNERS_AND_MANAGERS,OWNERS_AND_MANAGERS,ALL_MANAGERS_CAN_ADD,ALL_MANAGERS_CAN_APPROVE,OWNERS_AND_MANAGERS,ALL_MANAGERS_CAN_INVITE,OWNERS_AND_MANAGERS,false,true,26214400,DEFAULT_FONT,NONE,OWNERS_AND_MANAGERS
class-5-a@schoolgus.ukr.education,00meukdy3tgqhbr,5-А клас,,24,True,,class-5-a@schoolgus.ukr.education.test-google-a.com,false,true,false,,false,,DEFAULT_SELF,false,false,true,false,false,MODERATE_NONE,en_US,REPLY_TO_IGNORE,false,MODERATE,ANYONE_CAN_CONTACT,CAN_REQUEST_TO_JOIN,ALL_MEMBERS_CAN_LEAVE,ANYONE_CAN_POST,ALL_MEMBERS_CAN_VIEW,ALL_MEMBERS_CAN_VIEW,ALL_IN_DOMAIN_CAN_DISCOVER,false,OWNERS_AND_MANAGERS,OWNERS_AND_MANAGERS,OWNERS_AND_MANAGERS,OWNERS_AND_MANAGERS,OWNERS_AND_MANAGERS,OWNERS_AND_MANAGERS,OWNERS_AND_MANAGERS,OWNERS_AND_MANAGERS,OWNERS_AND_MANAGERS,OWNERS_AND_MANAGERS,OWNERS_AND_MANAGERS,OWNERS_AND_MANAGERS,OWNERS_AND_MANAGERS,OWNERS_AND_MANAGERS,OWNERS_AND_MANAGERS,OWNERS_AND_MANAGERS,OWNERS_AND_MANAGERS,OWNERS_AND_MANAGERS,OWNERS_AND_MANAGERS,OWNERS_AND_MANAGERS,OWNERS_AND_MANAGERS,ALL_MANAGERS_CAN_ADD,ALL_MANAGERS_CAN_APPROVE,OWNERS_AND_MANAGERS,ALL_MANAGERS_CAN_INVITE,OWNERS_AND_MANAGERS,false,true,26214400,DEFAULT_FONT,NONE,OWNERS_AND_MANAGERS
class-5-b@schoolgus.ukr.education,01tuee743l9win4,5-Б клас,,23,True,,class-5-b@schoolgus.ukr.education.test-google-a.com,false,true,false,,false,,DEFAULT_SELF,false,false,true,false,false,MODERATE_NONE,en_US,REPLY_TO_IGNORE,false,MODERATE,ANYONE_CAN_CONTACT,CAN_REQUEST_TO_JOIN,ALL_MEMBERS_CAN_LEAVE,ANYONE_CAN_POST,ALL_MEMBERS_CAN_VIEW,ALL_MEMBERS_CAN_VIEW,ALL_IN_DOMAIN_CAN_DISCOVER,false,OWNERS_AND_MANAGERS,OWNERS_AND_MANAGERS,OWNERS_AND_MANAGERS,OWNERS_AND_MANAGERS,OWNERS_AND_MANAGERS,OWNERS_AND_MANAGERS,OWNERS_AND_MANAGERS,OWNERS_AND_MANAGERS,OWNERS_AND_MANAGERS,OWNERS_AND_MANAGERS,OWNERS_AND_MANAGERS,OWNERS_AND_MANAGERS,OWNERS_AND_MANAGERS,OWNERS_AND_MANAGERS,OWNERS_AND_MANAGERS,OWNERS_AND_MANAGERS,OWNERS_AND_MANAGERS,OWNERS_AND_MANAGERS,OWNERS_AND_MANAGERS,OWNERS_AND_MANAGERS,OWNERS_AND_MANAGERS,ALL_MANAGERS_CAN_ADD,ALL_MANAGERS_CAN_APPROVE,OWNERS_AND_MANAGERS,ALL_MANAGERS_CAN_INVITE,OWNERS_AND_MANAGERS,false,true,26214400,DEFAULT_FONT,NONE,OWNERS_AND_MANAGERS
class-5-v@schoolgus.ukr.education,00nmf14n2vlvcur,5-В клас,,26,True,,class-5-v@schoolgus.ukr.education.test-google-a.com,false,true,false,,false,,DEFAULT_SELF,false,false,true,false,false,MODERATE_NONE,en_US,REPLY_TO_IGNORE,false,MODERATE,ANYONE_CAN_CONTACT,CAN_REQUEST_TO_JOIN,ALL_MEMBERS_CAN_LEAVE,ANYONE_CAN_POST,ALL_MEMBERS_CAN_VIEW,ALL_MEMBERS_CAN_VIEW,ALL_IN_DOMAIN_CAN_DISCOVER,false,OWNERS_AND_MANAGERS,OWNERS_AND_MANAGERS,OWNERS_AND_MANAGERS,OWNERS_AND_MANAGERS,OWNERS_AND_MANAGERS,OWNERS_AND_MANAGERS,OWNERS_AND_MANAGERS,OWNERS_AND_MANAGERS,OWNERS_AND_MANAGERS,OWNERS_AND_MANAGERS,OWNERS_AND_MANAGERS,OWNERS_AND_MANAGERS,OWNERS_AND_MANAGERS,OWNERS_AND_MANAGERS,OWNERS_AND_MANAGERS,OWNERS_AND_MANAGERS,OWNERS_AND_MANAGERS,OWNERS_AND_MANAGERS,OWNERS_AND_MANAGERS,OWNERS_AND_MANAGERS,OWNERS_AND_MANAGERS,ALL_MANAGERS_CAN_ADD,ALL_MANAGERS_CAN_APPROVE,OWNERS_AND_MANAGERS,ALL_MANAGERS_CAN_INVITE,OWNERS_AND_MANAGERS,false,true,26214400,DEFAULT_FONT,NONE,OWNERS_AND_MANAGERS
class-6-a@schoolgus.ukr.education,035nkun2302indl,6-А клас,,23,True,,class-6-a@schoolgus.ukr.education.test-google-a.com,false,true,false,,false,,DEFAULT_SELF,false,false,true,false,false,MODERATE_NONE,en_US,REPLY_TO_IGNORE,false,MODERATE,ANYONE_CAN_CONTACT,CAN_REQUEST_TO_JOIN,ALL_MEMBERS_CAN_LEAVE,ANYONE_CAN_POST,ALL_MEMBERS_CAN_VIEW,ALL_MEMBERS_CAN_VIEW,ALL_IN_DOMAIN_CAN_DISCOVER,false,OWNERS_AND_MANAGERS,OWNERS_AND_MANAGERS,OWNERS_AND_MANAGERS,OWNERS_AND_MANAGERS,OWNERS_AND_MANAGERS,OWNERS_AND_MANAGERS,OWNERS_AND_MANAGERS,OWNERS_AND_MANAGERS,OWNERS_AND_MANAGERS,OWNERS_AND_MANAGERS,OWNERS_AND_MANAGERS,OWNERS_AND_MANAGERS,OWNERS_AND_MANAGERS,OWNERS_AND_MANAGERS,OWNERS_AND_MANAGERS,OWNERS_AND_MANAGERS,OWNERS_AND_MANAGERS,OWNERS_AND_MANAGERS,OWNERS_AND_MANAGERS,OWNERS_AND_MANAGERS,OWNERS_AND_MANAGERS,ALL_MANAGERS_CAN_ADD,ALL_MANAGERS_CAN_APPROVE,OWNERS_AND_MANAGERS,ALL_MANAGERS_CAN_INVITE,OWNERS_AND_MANAGERS,false,true,26214400,DEFAULT_FONT,NONE,OWNERS_AND_MANAGERS
class-6-b@schoolgus.ukr.education,02s8eyo135e5br3,6-Б клас,,23,True,,class-6-b@schoolgus.ukr.education.test-google-a.com,false,true,false,,false,,DEFAULT_SELF,false,false,true,false,false,MODERATE_NONE,en_US,REPLY_TO_IGNORE,false,MODERATE,ANYONE_CAN_CONTACT,CAN_REQUEST_TO_JOIN,ALL_MEMBERS_CAN_LEAVE,ANYONE_CAN_POST,ALL_MEMBERS_CAN_VIEW,ALL_MEMBERS_CAN_VIEW,ALL_IN_DOMAIN_CAN_DISCOVER,false,OWNERS_AND_MANAGERS,OWNERS_AND_MANAGERS,OWNERS_AND_MANAGERS,OWNERS_AND_MANAGERS,OWNERS_AND_MANAGERS,OWNERS_AND_MANAGERS,OWNERS_AND_MANAGERS,OWNERS_AND_MANAGERS,OWNERS_AND_MANAGERS,OWNERS_AND_MANAGERS,OWNERS_AND_MANAGERS,OWNERS_AND_MANAGERS,OWNERS_AND_MANAGERS,OWNERS_AND_MANAGERS,OWNERS_AND_MANAGERS,OWNERS_AND_MANAGERS,OWNERS_AND_MANAGERS,OWNERS_AND_MANAGERS,OWNERS_AND_MANAGERS,OWNERS_AND_MANAGERS,OWNERS_AND_MANAGERS,ALL_MANAGERS_CAN_ADD,ALL_MANAGERS_CAN_APPROVE,OWNERS_AND_MANAGERS,ALL_MANAGERS_CAN_INVITE,OWNERS_AND_MANAGERS,false,true,26214400,DEFAULT_FONT,NONE,OWNERS_AND_MANAGERS
class-6-v@schoolgus.ukr.education,04iylrwe4f2oaod,6-В клас,,22,True,,class-6-v@schoolgus.ukr.education.test-google-a.com,false,true,false,,false,,DEFAULT_SELF,false,false,true,false,false,MODERATE_NONE,en_US,REPLY_TO_IGNORE,false,MODERATE,ANYONE_CAN_CONTACT,CAN_REQUEST_TO_JOIN,ALL_MEMBERS_CAN_LEAVE,ANYONE_CAN_POST,ALL_MEMBERS_CAN_VIEW,ALL_MEMBERS_CAN_VIEW,ALL_IN_DOMAIN_CAN_DISCOVER,false,OWNERS_AND_MANAGERS,OWNERS_AND_MANAGERS,OWNERS_AND_MANAGERS,OWNERS_AND_MANAGERS,OWNERS_AND_MANAGERS,OWNERS_AND_MANAGERS,OWNERS_AND_MANAGERS,OWNERS_AND_MANAGERS,OWNERS_AND_MANAGERS,OWNERS_AND_MANAGERS,OWNERS_AND_MANAGERS,OWNERS_AND_MANAGERS,OWNERS_AND_MANAGERS,OWNERS_AND_MANAGERS,OWNERS_AND_MANAGERS,OWNERS_AND_MANAGERS,OWNERS_AND_MANAGERS,OWNERS_AND_MANAGERS,OWNERS_AND_MANAGERS,OWNERS_AND_MANAGERS,OWNERS_AND_MANAGERS,ALL_MANAGERS_CAN_ADD,ALL_MANAGERS_CAN_APPROVE,OWNERS_AND_MANAGERS,ALL_MANAGERS_CAN_INVITE,OWNERS_AND_MANAGERS,false,true,26214400,DEFAULT_FONT,NONE,OWNERS_AND_MANAGERS
class-7-a@schoolgus.ukr.education,03vac5uf3tfbs49,7-А клас,,20,True,,class-7-a@schoolgus.ukr.education.test-google-a.com,false,true,false,,false,,DEFAULT_SELF,false,false,true,false,false,MODERATE_NONE,en_US,REPLY_TO_IGNORE,false,MODERATE,ANYONE_CAN_CONTACT,CAN_REQUEST_TO_JOIN,ALL_MEMBERS_CAN_LEAVE,ANYONE_CAN_POST,ALL_MEMBERS_CAN_VIEW,ALL_MEMBERS_CAN_VIEW,ALL_IN_DOMAIN_CAN_DISCOVER,false,OWNERS_AND_MANAGERS,OWNERS_AND_MANAGERS,OWNERS_AND_MANAGERS,OWNERS_AND_MANAGERS,OWNERS_AND_MANAGERS,OWNERS_AND_MANAGERS,OWNERS_AND_MANAGERS,OWNERS_AND_MANAGERS,OWNERS_AND_MANAGERS,OWNERS_AND_MANAGERS,OWNERS_AND_MANAGERS,OWNERS_AND_MANAGERS,OWNERS_AND_MANAGERS,OWNERS_AND_MANAGERS,OWNERS_AND_MANAGERS,OWNERS_AND_MANAGERS,OWNERS_AND_MANAGERS,OWNERS_AND_MANAGERS,OWNERS_AND_MANAGERS,OWNERS_AND_MANAGERS,OWNERS_AND_MANAGERS,ALL_MANAGERS_CAN_ADD,ALL_MANAGERS_CAN_APPROVE,OWNERS_AND_MANAGERS,ALL_MANAGERS_CAN_INVITE,OWNERS_AND_MANAGERS,false,true,26214400,DEFAULT_FONT,NONE,OWNERS_AND_MANAGERS
class-7-b@schoolgus.ukr.education,02nusc192dhy70o,7-Б клас,,25,True,,class-7-b@schoolgus.ukr.education.test-google-a.com,false,true,false,,false,,DEFAULT_SELF,false,false,true,false,false,MODERATE_NONE,en_US,REPLY_TO_IGNORE,false,MODERATE,ANYONE_CAN_CONTACT,CAN_REQUEST_TO_JOIN,ALL_MEMBERS_CAN_LEAVE,ANYONE_CAN_POST,ALL_MEMBERS_CAN_VIEW,ALL_MEMBERS_CAN_VIEW,ALL_IN_DOMAIN_CAN_DISCOVER,false,OWNERS_AND_MANAGERS,OWNERS_AND_MANAGERS,OWNERS_AND_MANAGERS,OWNERS_AND_MANAGERS,OWNERS_AND_MANAGERS,OWNERS_AND_MANAGERS,OWNERS_AND_MANAGERS,OWNERS_AND_MANAGERS,OWNERS_AND_MANAGERS,OWNERS_AND_MANAGERS,OWNERS_AND_MANAGERS,OWNERS_AND_MANAGERS,OWNERS_AND_MANAGERS,OWNERS_AND_MANAGERS,OWNERS_AND_MANAGERS,OWNERS_AND_MANAGERS,OWNERS_AND_MANAGERS,OWNERS_AND_MANAGERS,OWNERS_AND_MANAGERS,OWNERS_AND_MANAGERS,OWNERS_AND_MANAGERS,ALL_MANAGERS_CAN_ADD,ALL_MANAGERS_CAN_APPROVE,OWNERS_AND_MANAGERS,ALL_MANAGERS_CAN_INVITE,OWNERS_AND_MANAGERS,false,true,26214400,DEFAULT_FONT,NONE,OWNERS_AND_MANAGERS
class-7-g@schoolgus.ukr.education,01gf8i8343vbj36,7-Г клас,,23,True,,class-7-g@schoolgus.ukr.education.test-google-a.com,false,true,false,,false,,DEFAULT_SELF,false,false,true,false,false,MODERATE_NONE,en_US,REPLY_TO_IGNORE,false,MODERATE,ANYONE_CAN_CONTACT,CAN_REQUEST_TO_JOIN,ALL_MEMBERS_CAN_LEAVE,ANYONE_CAN_POST,ALL_MEMBERS_CAN_VIEW,ALL_MEMBERS_CAN_VIEW,ALL_IN_DOMAIN_CAN_DISCOVER,false,OWNERS_AND_MANAGERS,OWNERS_AND_MANAGERS,OWNERS_AND_MANAGERS,OWNERS_AND_MANAGERS,OWNERS_AND_MANAGERS,OWNERS_AND_MANAGERS,OWNERS_AND_MANAGERS,OWNERS_AND_MANAGERS,OWNERS_AND_MANAGERS,OWNERS_AND_MANAGERS,OWNERS_AND_MANAGERS,OWNERS_AND_MANAGERS,OWNERS_AND_MANAGERS,OWNERS_AND_MANAGERS,OWNERS_AND_MANAGERS,OWNERS_AND_MANAGERS,OWNERS_AND_MANAGERS,OWNERS_AND_MANAGERS,OWNERS_AND_MANAGERS,OWNERS_AND_MANAGERS,OWNERS_AND_MANAGERS,ALL_MANAGERS_CAN_ADD,ALL_MANAGERS_CAN_APPROVE,OWNERS_AND_MANAGERS,ALL_MANAGERS_CAN_INVITE,OWNERS_AND_MANAGERS,false,true,26214400,DEFAULT_FONT,NONE,OWNERS_AND_MANAGERS
class-7-v@schoolgus.ukr.education,03bj1y381mwviiy,7-В клас,,21,True,,class-7-v@schoolgus.ukr.education.test-google-a.com,false,true,false,,false,,DEFAULT_SELF,false,false,true,false,false,MODERATE_NONE,en_US,REPLY_TO_IGNORE,false,MODERATE,ANYONE_CAN_CONTACT,CAN_REQUEST_TO_JOIN,ALL_MEMBERS_CAN_LEAVE,ANYONE_CAN_POST,ALL_MEMBERS_CAN_VIEW,ALL_MEMBERS_CAN_VIEW,ALL_IN_DOMAIN_CAN_DISCOVER,false,OWNERS_AND_MANAGERS,OWNERS_AND_MANAGERS,OWNERS_AND_MANAGERS,OWNERS_AND_MANAGERS,OWNERS_AND_MANAGERS,OWNERS_AND_MANAGERS,OWNERS_AND_MANAGERS,OWNERS_AND_MANAGERS,OWNERS_AND_MANAGERS,OWNERS_AND_MANAGERS,OWNERS_AND_MANAGERS,OWNERS_AND_MANAGERS,OWNERS_AND_MANAGERS,OWNERS_AND_MANAGERS,OWNERS_AND_MANAGERS,OWNERS_AND_MANAGERS,OWNERS_AND_MANAGERS,OWNERS_AND_MANAGERS,OWNERS_AND_MANAGERS,OWNERS_AND_MANAGERS,OWNERS_AND_MANAGERS,ALL_MANAGERS_CAN_ADD,ALL_MANAGERS_CAN_APPROVE,OWNERS_AND_MANAGERS,ALL_MANAGERS_CAN_INVITE,OWNERS_AND_MANAGERS,false,true,26214400,DEFAULT_FONT,NONE,OWNERS_AND_MANAGERS
class-8-a@schoolgus.ukr.education,030j0zll237430h,8-А клас,,25,True,,class-8-a@schoolgus.ukr.education.test-google-a.com,false,true,false,,false,,DEFAULT_SELF,false,false,true,false,false,MODERATE_NONE,en_US,REPLY_TO_IGNORE,false,MODERATE,ANYONE_CAN_CONTACT,CAN_REQUEST_TO_JOIN,ALL_MEMBERS_CAN_LEAVE,ANYONE_CAN_POST,ALL_MEMBERS_CAN_VIEW,ALL_MEMBERS_CAN_VIEW,ALL_IN_DOMAIN_CAN_DISCOVER,false,OWNERS_AND_MANAGERS,OWNERS_AND_MANAGERS,OWNERS_AND_MANAGERS,OWNERS_AND_MANAGERS,OWNERS_AND_MANAGERS,OWNERS_AND_MANAGERS,OWNERS_AND_MANAGERS,OWNERS_AND_MANAGERS,OWNERS_AND_MANAGERS,OWNERS_AND_MANAGERS,OWNERS_AND_MANAGERS,OWNERS_AND_MANAGERS,OWNERS_AND_MANAGERS,OWNERS_AND_MANAGERS,OWNERS_AND_MANAGERS,OWNERS_AND_MANAGERS,OWNERS_AND_MANAGERS,OWNERS_AND_MANAGERS,OWNERS_AND_MANAGERS,OWNERS_AND_MANAGERS,OWNERS_AND_MANAGERS,ALL_MANAGERS_CAN_ADD,ALL_MANAGERS_CAN_APPROVE,OWNERS_AND_MANAGERS,ALL_MANAGERS_CAN_INVITE,OWNERS_AND_MANAGERS,false,true,26214400,DEFAULT_FONT,NONE,OWNERS_AND_MANAGERS
class-8-b@schoolgus.ukr.education,045jfvxd0kwhmno,8-Б клас,,22,True,,class-8-b@schoolgus.ukr.education.test-google-a.com,false,true,false,,false,,DEFAULT_SELF,false,false,true,false,false,MODERATE_NONE,en_US,REPLY_TO_IGNORE,false,MODERATE,ANYONE_CAN_CONTACT,CAN_REQUEST_TO_JOIN,ALL_MEMBERS_CAN_LEAVE,ANYONE_CAN_POST,ALL_MEMBERS_CAN_VIEW,ALL_MEMBERS_CAN_VIEW,ALL_IN_DOMAIN_CAN_DISCOVER,false,OWNERS_AND_MANAGERS,OWNERS_AND_MANAGERS,OWNERS_AND_MANAGERS,OWNERS_AND_MANAGERS,OWNERS_AND_MANAGERS,OWNERS_AND_MANAGERS,OWNERS_AND_MANAGERS,OWNERS_AND_MANAGERS,OWNERS_AND_MANAGERS,OWNERS_AND_MANAGERS,OWNERS_AND_MANAGERS,OWNERS_AND_MANAGERS,OWNERS_AND_MANAGERS,OWNERS_AND_MANAGERS,OWNERS_AND_MANAGERS,OWNERS_AND_MANAGERS,OWNERS_AND_MANAGERS,OWNERS_AND_MANAGERS,OWNERS_AND_MANAGERS,OWNERS_AND_MANAGERS,OWNERS_AND_MANAGERS,ALL_MANAGERS_CAN_ADD,ALL_MANAGERS_CAN_APPROVE,OWNERS_AND_MANAGERS,ALL_MANAGERS_CAN_INVITE,OWNERS_AND_MANAGERS,false,true,26214400,DEFAULT_FONT,NONE,OWNERS_AND_MANAGERS
class-8-g@schoolgus.ukr.education,02iq8gzs4hqayiz,8-Г клас,,27,True,,class-8-g@schoolgus.ukr.education.test-google-a.com,false,true,false,,false,,DEFAULT_SELF,false,false,true,false,false,MODERATE_NONE,en_US,REPLY_TO_IGNORE,false,MODERATE,ANYONE_CAN_CONTACT,CAN_REQUEST_TO_JOIN,ALL_MEMBERS_CAN_LEAVE,ANYONE_CAN_POST,ALL_MEMBERS_CAN_VIEW,ALL_MEMBERS_CAN_VIEW,ALL_IN_DOMAIN_CAN_DISCOVER,false,OWNERS_AND_MANAGERS,OWNERS_AND_MANAGERS,OWNERS_AND_MANAGERS,OWNERS_AND_MANAGERS,OWNERS_AND_MANAGERS,OWNERS_AND_MANAGERS,OWNERS_AND_MANAGERS,OWNERS_AND_MANAGERS,OWNERS_AND_MANAGERS,OWNERS_AND_MANAGERS,OWNERS_AND_MANAGERS,OWNERS_AND_MANAGERS,OWNERS_AND_MANAGERS,OWNERS_AND_MANAGERS,OWNERS_AND_MANAGERS,OWNERS_AND_MANAGERS,OWNERS_AND_MANAGERS,OWNERS_AND_MANAGERS,OWNERS_AND_MANAGERS,OWNERS_AND_MANAGERS,OWNERS_AND_MANAGERS,ALL_MANAGERS_CAN_ADD,ALL_MANAGERS_CAN_APPROVE,OWNERS_AND_MANAGERS,ALL_MANAGERS_CAN_INVITE,OWNERS_AND_MANAGERS,false,true,26214400,DEFAULT_FONT,NONE,OWNERS_AND_MANAGERS
class-8-v@schoolgus.ukr.education,0184mhaj426d7bk,8-В клас,,23,True,,class-8-v@schoolgus.ukr.education.test-google-a.com,false,true,false,,false,,DEFAULT_SELF,false,false,true,false,false,MODERATE_NONE,en_US,REPLY_TO_IGNORE,false,MODERATE,ANYONE_CAN_CONTACT,CAN_REQUEST_TO_JOIN,ALL_MEMBERS_CAN_LEAVE,ANYONE_CAN_POST,ALL_MEMBERS_CAN_VIEW,ALL_MEMBERS_CAN_VIEW,ALL_IN_DOMAIN_CAN_DISCOVER,false,OWNERS_AND_MANAGERS,OWNERS_AND_MANAGERS,OWNERS_AND_MANAGERS,OWNERS_AND_MANAGERS,OWNERS_AND_MANAGERS,OWNERS_AND_MANAGERS,OWNERS_AND_MANAGERS,OWNERS_AND_MANAGERS,OWNERS_AND_MANAGERS,OWNERS_AND_MANAGERS,OWNERS_AND_MANAGERS,OWNERS_AND_MANAGERS,OWNERS_AND_MANAGERS,OWNERS_AND_MANAGERS,OWNERS_AND_MANAGERS,OWNERS_AND_MANAGERS,OWNERS_AND_MANAGERS,OWNERS_AND_MANAGERS,OWNERS_AND_MANAGERS,OWNERS_AND_MANAGERS,OWNERS_AND_MANAGERS,ALL_MANAGERS_CAN_ADD,ALL_MANAGERS_CAN_APPROVE,OWNERS_AND_MANAGERS,ALL_MANAGERS_CAN_INVITE,OWNERS_AND_MANAGERS,false,true,26214400,DEFAULT_FONT,NONE,OWNERS_AND_MANAGERS
class-9-a@schoolgus.ukr.education,00lnxbz93diuasg,9-А клас,,26,True,,class-9-a@schoolgus.ukr.education.test-google-a.com,false,true,false,,false,,DEFAULT_SELF,false,false,true,false,false,MODERATE_NONE,en_US,REPLY_TO_IGNORE,false,MODERATE,ANYONE_CAN_CONTACT,CAN_REQUEST_TO_JOIN,ALL_MEMBERS_CAN_LEAVE,ANYONE_CAN_POST,ALL_MEMBERS_CAN_VIEW,ALL_MEMBERS_CAN_VIEW,ALL_IN_DOMAIN_CAN_DISCOVER,false,OWNERS_AND_MANAGERS,OWNERS_AND_MANAGERS,OWNERS_AND_MANAGERS,OWNERS_AND_MANAGERS,OWNERS_AND_MANAGERS,OWNERS_AND_MANAGERS,OWNERS_AND_MANAGERS,OWNERS_AND_MANAGERS,OWNERS_AND_MANAGERS,OWNERS_AND_MANAGERS,OWNERS_AND_MANAGERS,OWNERS_AND_MANAGERS,OWNERS_AND_MANAGERS,OWNERS_AND_MANAGERS,OWNERS_AND_MANAGERS,OWNERS_AND_MANAGERS,OWNERS_AND_MANAGERS,OWNERS_AND_MANAGERS,OWNERS_AND_MANAGERS,OWNERS_AND_MANAGERS,OWNERS_AND_MANAGERS,ALL_MANAGERS_CAN_ADD,ALL_MANAGERS_CAN_APPROVE,OWNERS_AND_MANAGERS,ALL_MANAGERS_CAN_INVITE,OWNERS_AND_MANAGERS,false,true,26214400,DEFAULT_FONT,NONE,OWNERS_AND_MANAGERS
class-9-b@schoolgus.ukr.education,01y810tw0zi4av3,9-Б клас,,28,True,,class-9-b@schoolgus.ukr.education.test-google-a.com,false,true,false,,false,,DEFAULT_SELF,false,false,true,false,false,MODERATE_NONE,en_US,REPLY_TO_IGNORE,false,MODERATE,ANYONE_CAN_CONTACT,CAN_REQUEST_TO_JOIN,ALL_MEMBERS_CAN_LEAVE,ANYONE_CAN_POST,ALL_MEMBERS_CAN_VIEW,ALL_MEMBERS_CAN_VIEW,ALL_IN_DOMAIN_CAN_DISCOVER,false,OWNERS_AND_MANAGERS,OWNERS_AND_MANAGERS,OWNERS_AND_MANAGERS,OWNERS_AND_MANAGERS,OWNERS_AND_MANAGERS,OWNERS_AND_MANAGERS,OWNERS_AND_MANAGERS,OWNERS_AND_MANAGERS,OWNERS_AND_MANAGERS,OWNERS_AND_MANAGERS,OWNERS_AND_MANAGERS,OWNERS_AND_MANAGERS,OWNERS_AND_MANAGERS,OWNERS_AND_MANAGERS,OWNERS_AND_MANAGERS,OWNERS_AND_MANAGERS,OWNERS_AND_MANAGERS,OWNERS_AND_MANAGERS,OWNERS_AND_MANAGERS,OWNERS_AND_MANAGERS,OWNERS_AND_MANAGERS,ALL_MANAGERS_CAN_ADD,ALL_MANAGERS_CAN_APPROVE,OWNERS_AND_MANAGERS,ALL_MANAGERS_CAN_INVITE,OWNERS_AND_MANAGERS,false,true,26214400,DEFAULT_FONT,NONE,OWNERS_AND_MANAGERS
class-9-v@schoolgus.ukr.education,01ci93xb1ednibd,9-В клас,,28,True,,class-9-v@schoolgus.ukr.education.test-google-a.com,false,true,false,,false,,DEFAULT_SELF,false,false,true,false,false,MODERATE_NONE,en_US,REPLY_TO_IGNORE,false,MODERATE,ANYONE_CAN_CONTACT,CAN_REQUEST_TO_JOIN,ALL_MEMBERS_CAN_LEAVE,ANYONE_CAN_POST,ALL_MEMBERS_CAN_VIEW,ALL_MEMBERS_CAN_VIEW,ALL_IN_DOMAIN_CAN_DISCOVER,false,OWNERS_AND_MANAGERS,OWNERS_AND_MANAGERS,OWNERS_AND_MANAGERS,OWNERS_AND_MANAGERS,OWNERS_AND_MANAGERS,OWNERS_AND_MANAGERS,OWNERS_AND_MANAGERS,OWNERS_AND_MANAGERS,OWNERS_AND_MANAGERS,OWNERS_AND_MANAGERS,OWNERS_AND_MANAGERS,OWNERS_AND_MANAGERS,OWNERS_AND_MANAGERS,OWNERS_AND_MANAGERS,OWNERS_AND_MANAGERS,OWNERS_AND_MANAGERS,OWNERS_AND_MANAGERS,OWNERS_AND_MANAGERS,OWNERS_AND_MANAGERS,OWNERS_AND_MANAGERS,OWNERS_AND_MANAGERS,ALL_MANAGERS_CAN_ADD,ALL_MANAGERS_CAN_APPROVE,OWNERS_AND_MANAGERS,ALL_MANAGERS_CAN_INVITE,OWNERS_AND_MANAGERS,false,true,26214400,DEFAULT_FONT,NONE,OWNERS_AND_MANAGERS
classroom_teachers@schoolgus.ukr.education,02r0uhxc2ht6j2v,Клас: викладачі,"До цієї групи входять усі викладачі зі служби Клас у вашому домені. Доки ви не схвалите їх, вони матимуть статус учасників, що очікують на розгляд. Зверніть увагу: усі учасники цієї групи мають додаткові привілеї, які можна визначати на Консолі адміністратора. ПОПЕРЕДЖЕННЯ: не видаляйте цю групу.",0,False,,classroom_teachers@schoolgus.ukr.education.test-google-a.com,false,true,false,,false,,DEFAULT_SELF,false,false,true,false,false,MODERATE_NONE,en_US,REPLY_TO_LIST,false,MODERATE,ALL_MEMBERS_CAN_CONTACT,CAN_REQUEST_TO_JOIN,ALL_OWNERS_CAN_LEAVE,ALL_MEMBERS_CAN_POST,ALL_MANAGERS_CAN_VIEW,ALL_MANAGERS_CAN_VIEW,ALL_IN_DOMAIN_CAN_DISCOVER,false,OWNERS_AND_MANAGERS,OWNERS_AND_MANAGERS,OWNERS_AND_MANAGERS,OWNERS_AND_MANAGERS,OWNERS_AND_MANAGERS,OWNERS_AND_MANAGERS,OWNERS_AND_MANAGERS,OWNERS_AND_MANAGERS,OWNERS_AND_MANAGERS,OWNERS_AND_MANAGERS,OWNERS_AND_MANAGERS,OWNERS_AND_MANAGERS,OWNERS_AND_MANAGERS,OWNERS_AND_MANAGERS,OWNERS_AND_MANAGERS,OWNERS_AND_MANAGERS,OWNERS_AND_MANAGERS,OWNERS_AND_MANAGERS,OWNERS_AND_MANAGERS,OWNERS_AND_MANAGERS,OWNERS_AND_MANAGERS,ALL_MANAGERS_CAN_ADD,ALL_MANAGERS_CAN_APPROVE,OWNERS_AND_MANAGERS,ALL_MANAGERS_CAN_INVITE,OWNERS_AND_MANAGERS,false,true,26214400,DEFAULT_FONT,NONE,NONE
externat-10@schoolgus.ukr.education,01rvwp1q2tedev4,Екстернат 10 клас,,11,True,,externat-10@schoolgus.ukr.education.test-google-a.com,false,true,false,,false,,DEFAULT_SELF,false,false,true,false,false,MODERATE_NONE,en_US,REPLY_TO_IGNORE,false,MODERATE,ANYONE_CAN_CONTACT,CAN_REQUEST_TO_JOIN,ALL_MEMBERS_CAN_LEAVE,ANYONE_CAN_POST,ALL_MEMBERS_CAN_VIEW,ALL_MEMBERS_CAN_VIEW,ALL_IN_DOMAIN_CAN_DISCOVER,false,OWNERS_AND_MANAGERS,OWNERS_AND_MANAGERS,OWNERS_AND_MANAGERS,OWNERS_AND_MANAGERS,OWNERS_AND_MANAGERS,OWNERS_AND_MANAGERS,OWNERS_AND_MANAGERS,OWNERS_AND_MANAGERS,OWNERS_AND_MANAGERS,OWNERS_AND_MANAGERS,OWNERS_AND_MANAGERS,OWNERS_AND_MANAGERS,OWNERS_AND_MANAGERS,OWNERS_AND_MANAGERS,OWNERS_AND_MANAGERS,OWNERS_AND_MANAGERS,OWNERS_AND_MANAGERS,OWNERS_AND_MANAGERS,OWNERS_AND_MANAGERS,OWNERS_AND_MANAGERS,OWNERS_AND_MANAGERS,ALL_MANAGERS_CAN_ADD,ALL_MANAGERS_CAN_APPROVE,OWNERS_AND_MANAGERS,ALL_MANAGERS_CAN_INVITE,OWNERS_AND_MANAGERS,false,true,26214400,DEFAULT_FONT,NONE,OWNERS_AND_MANAGERS
externat-11@schoolgus.ukr.education,01664s554j70u44,Екстернат 11 клас,,10,True,,externat-11@schoolgus.ukr.education.test-google-a.com,false,true,false,,false,,DEFAULT_SELF,false,false,true,false,false,MODERATE_NONE,en_US,REPLY_TO_IGNORE,false,MODERATE,ANYONE_CAN_CONTACT,CAN_REQUEST_TO_JOIN,ALL_MEMBERS_CAN_LEAVE,ANYONE_CAN_POST,ALL_MEMBERS_CAN_VIEW,ALL_MEMBERS_CAN_VIEW,ALL_IN_DOMAIN_CAN_DISCOVER,false,OWNERS_AND_MANAGERS,OWNERS_AND_MANAGERS,OWNERS_AND_MANAGERS,OWNERS_AND_MANAGERS,OWNERS_AND_MANAGERS,OWNERS_AND_MANAGERS,OWNERS_AND_MANAGERS,OWNERS_AND_MANAGERS,OWNERS_AND_MANAGERS,OWNERS_AND_MANAGERS,OWNERS_AND_MANAGERS,OWNERS_AND_MANAGERS,OWNERS_AND_MANAGERS,OWNERS_AND_MANAGERS,OWNERS_AND_MANAGERS,OWNERS_AND_MANAGERS,OWNERS_AND_MANAGERS,OWNERS_AND_MANAGERS,OWNERS_AND_MANAGERS,OWNERS_AND_MANAGERS,OWNERS_AND_MANAGERS,ALL_MANAGERS_CAN_ADD,ALL_MANAGERS_CAN_APPROVE,OWNERS_AND_MANAGERS,ALL_MANAGERS_CAN_INVITE,OWNERS_AND_MANAGERS,false,true,26214400,DEFAULT_FONT,NONE,OWNERS_AND_MANAGERS
externat-1@schoolgus.ukr.education,02p2csry3f6fiuy,Екстернат 1 клас,,0,True,,externat-1@schoolgus.ukr.education.test-google-a.com,false,true,false,,false,,DEFAULT_SELF,false,false,true,false,false,MODERATE_NONE,en_US,REPLY_TO_IGNORE,false,MODERATE,ANYONE_CAN_CONTACT,CAN_REQUEST_TO_JOIN,ALL_MEMBERS_CAN_LEAVE,ANYONE_CAN_POST,ALL_MEMBERS_CAN_VIEW,ALL_MEMBERS_CAN_VIEW,ALL_IN_DOMAIN_CAN_DISCOVER,false,OWNERS_AND_MANAGERS,OWNERS_AND_MANAGERS,OWNERS_AND_MANAGERS,OWNERS_AND_MANAGERS,OWNERS_AND_MANAGERS,OWNERS_AND_MANAGERS,OWNERS_AND_MANAGERS,OWNERS_AND_MANAGERS,OWNERS_AND_MANAGERS,OWNERS_AND_MANAGERS,OWNERS_AND_MANAGERS,OWNERS_AND_MANAGERS,OWNERS_AND_MANAGERS,OWNERS_AND_MANAGERS,OWNERS_AND_MANAGERS,OWNERS_AND_MANAGERS,OWNERS_AND_MANAGERS,OWNERS_AND_MANAGERS,OWNERS_AND_MANAGERS,OWNERS_AND_MANAGERS,OWNERS_AND_MANAGERS,ALL_MANAGERS_CAN_ADD,ALL_MANAGERS_CAN_APPROVE,OWNERS_AND_MANAGERS,ALL_MANAGERS_CAN_INVITE,OWNERS_AND_MANAGERS,false,true,26214400,DEFAULT_FONT,NONE,OWNERS_AND_MANAGERS
externat-2@schoolgus.ukr.education,03q5sasy25w8fuf,Екстернат 2 клас,,0,True,,externat-2@schoolgus.ukr.education.test-google-a.com,false,true,false,,false,,DEFAULT_SELF,false,false,true,false,false,MODERATE_NONE,en_US,REPLY_TO_IGNORE,false,MODERATE,ANYONE_CAN_CONTACT,CAN_REQUEST_TO_JOIN,ALL_MEMBERS_CAN_LEAVE,ANYONE_CAN_POST,ALL_MEMBERS_CAN_VIEW,ALL_MEMBERS_CAN_VIEW,ALL_IN_DOMAIN_CAN_DISCOVER,false,OWNERS_AND_MANAGERS,OWNERS_AND_MANAGERS,OWNERS_AND_MANAGERS,OWNERS_AND_MANAGERS,OWNERS_AND_MANAGERS,OWNERS_AND_MANAGERS,OWNERS_AND_MANAGERS,OWNERS_AND_MANAGERS,OWNERS_AND_MANAGERS,OWNERS_AND_MANAGERS,OWNERS_AND_MANAGERS,OWNERS_AND_MANAGERS,OWNERS_AND_MANAGERS,OWNERS_AND_MANAGERS,OWNERS_AND_MANAGERS,OWNERS_AND_MANAGERS,OWNERS_AND_MANAGERS,OWNERS_AND_MANAGERS,OWNERS_AND_MANAGERS,OWNERS_AND_MANAGERS,OWNERS_AND_MANAGERS,ALL_MANAGERS_CAN_ADD,ALL_MANAGERS_CAN_APPROVE,OWNERS_AND_MANAGERS,ALL_MANAGERS_CAN_INVITE,OWNERS_AND_MANAGERS,false,true,26214400,DEFAULT_FONT,NONE,OWNERS_AND_MANAGERS
externat-3@schoolgus.ukr.education,03as4poj29r6lcs,Екстернат 3 клас,,1,True,,externat-3@schoolgus.ukr.education.test-google-a.com,false,true,false,,false,,DEFAULT_SELF,false,false,true,false,false,MODERATE_NONE,en_US,REPLY_TO_IGNORE,false,MODERATE,ANYONE_CAN_CONTACT,CAN_REQUEST_TO_JOIN,ALL_MEMBERS_CAN_LEAVE,ANYONE_CAN_POST,ALL_MEMBERS_CAN_VIEW,ALL_MEMBERS_CAN_VIEW,ALL_IN_DOMAIN_CAN_DISCOVER,false,OWNERS_AND_MANAGERS,OWNERS_AND_MANAGERS,OWNERS_AND_MANAGERS,OWNERS_AND_MANAGERS,OWNERS_AND_MANAGERS,OWNERS_AND_MANAGERS,OWNERS_AND_MANAGERS,OWNERS_AND_MANAGERS,OWNERS_AND_MANAGERS,OWNERS_AND_MANAGERS,OWNERS_AND_MANAGERS,OWNERS_AND_MANAGERS,OWNERS_AND_MANAGERS,OWNERS_AND_MANAGERS,OWNERS_AND_MANAGERS,OWNERS_AND_MANAGERS,OWNERS_AND_MANAGERS,OWNERS_AND_MANAGERS,OWNERS_AND_MANAGERS,OWNERS_AND_MANAGERS,OWNERS_AND_MANAGERS,ALL_MANAGERS_CAN_ADD,ALL_MANAGERS_CAN_APPROVE,OWNERS_AND_MANAGERS,ALL_MANAGERS_CAN_INVITE,OWNERS_AND_MANAGERS,false,true,26214400,DEFAULT_FONT,NONE,OWNERS_AND_MANAGERS
externat-4@schoolgus.ukr.education,02r0uhxc3jnlytx,Екстернат 4 клас,,1,True,,externat-4@schoolgus.ukr.education.test-google-a.com,false,true,false,,false,,DEFAULT_SELF,false,false,true,false,false,MODERATE_NONE,en_US,REPLY_TO_IGNORE,false,MODERATE,ANYONE_CAN_CONTACT,CAN_REQUEST_TO_JOIN,ALL_MEMBERS_CAN_LEAVE,ANYONE_CAN_POST,ALL_MEMBERS_CAN_VIEW,ALL_MEMBERS_CAN_VIEW,ALL_IN_DOMAIN_CAN_DISCOVER,false,OWNERS_AND_MANAGERS,OWNERS_AND_MANAGERS,OWNERS_AND_MANAGERS,OWNERS_AND_MANAGERS,OWNERS_AND_MANAGERS,OWNERS_AND_MANAGERS,OWNERS_AND_MANAGERS,OWNERS_AND_MANAGERS,OWNERS_AND_MANAGERS,OWNERS_AND_MANAGERS,OWNERS_AND_MANAGERS,OWNERS_AND_MANAGERS,OWNERS_AND_MANAGERS,OWNERS_AND_MANAGERS,OWNERS_AND_MANAGERS,OWNERS_AND_MANAGERS,OWNERS_AND_MANAGERS,OWNERS_AND_MANAGERS,OWNERS_AND_MANAGERS,OWNERS_AND_MANAGERS,OWNERS_AND_MANAGERS,ALL_MANAGERS_CAN_ADD,ALL_MANAGERS_CAN_APPROVE,OWNERS_AND_MANAGERS,ALL_MANAGERS_CAN_INVITE,OWNERS_AND_MANAGERS,false,true,26214400,DEFAULT_FONT,NONE,OWNERS_AND_MANAGERS
externat-5@schoolgus.ukr.education,03l18frh1hkcyaz,Екстернат 5 клас,,3,True,,externat-5@schoolgus.ukr.education.test-google-a.com,false,true,false,,false,,DEFAULT_SELF,false,false,true,false,false,MODERATE_NONE,en_US,REPLY_TO_IGNORE,false,MODERATE,ANYONE_CAN_CONTACT,CAN_REQUEST_TO_JOIN,ALL_MEMBERS_CAN_LEAVE,ANYONE_CAN_POST,ALL_MEMBERS_CAN_VIEW,ALL_MEMBERS_CAN_VIEW,ALL_IN_DOMAIN_CAN_DISCOVER,false,OWNERS_AND_MANAGERS,OWNERS_AND_MANAGERS,OWNERS_AND_MANAGERS,OWNERS_AND_MANAGERS,OWNERS_AND_MANAGERS,OWNERS_AND_MANAGERS,OWNERS_AND_MANAGERS,OWNERS_AND_MANAGERS,OWNERS_AND_MANAGERS,OWNERS_AND_MANAGERS,OWNERS_AND_MANAGERS,OWNERS_AND_MANAGERS,OWNERS_AND_MANAGERS,OWNERS_AND_MANAGERS,OWNERS_AND_MANAGERS,OWNERS_AND_MANAGERS,OWNERS_AND_MANAGERS,OWNERS_AND_MANAGERS,OWNERS_AND_MANAGERS,OWNERS_AND_MANAGERS,OWNERS_AND_MANAGERS,ALL_MANAGERS_CAN_ADD,ALL_MANAGERS_CAN_APPROVE,OWNERS_AND_MANAGERS,ALL_MANAGERS_CAN_INVITE,OWNERS_AND_MANAGERS,false,true,26214400,DEFAULT_FONT,NONE,OWNERS_AND_MANAGERS
externat-6@schoolgus.ukr.education,04i7ojhp21p32ag,Екстернат 6 клас,,4,True,,externat-6@schoolgus.ukr.education.test-google-a.com,false,true,false,,false,,DEFAULT_SELF,false,false,true,false,false,MODERATE_NONE,en_US,REPLY_TO_IGNORE,false,MODERATE,ANYONE_CAN_CONTACT,CAN_REQUEST_TO_JOIN,ALL_MEMBERS_CAN_LEAVE,ANYONE_CAN_POST,ALL_MEMBERS_CAN_VIEW,ALL_MEMBERS_CAN_VIEW,ALL_IN_DOMAIN_CAN_DISCOVER,false,OWNERS_AND_MANAGERS,OWNERS_AND_MANAGERS,OWNERS_AND_MANAGERS,OWNERS_AND_MANAGERS,OWNERS_AND_MANAGERS,OWNERS_AND_MANAGERS,OWNERS_AND_MANAGERS,OWNERS_AND_MANAGERS,OWNERS_AND_MANAGERS,OWNERS_AND_MANAGERS,OWNERS_AND_MANAGERS,OWNERS_AND_MANAGERS,OWNERS_AND_MANAGERS,OWNERS_AND_MANAGERS,OWNERS_AND_MANAGERS,OWNERS_AND_MANAGERS,OWNERS_AND_MANAGERS,OWNERS_AND_MANAGERS,OWNERS_AND_MANAGERS,OWNERS_AND_MANAGERS,OWNERS_AND_MANAGERS,ALL_MANAGERS_CAN_ADD,ALL_MANAGERS_CAN_APPROVE,OWNERS_AND_MANAGERS,ALL_MANAGERS_CAN_INVITE,OWNERS_AND_MANAGERS,false,true,26214400,DEFAULT_FONT,NONE,OWNERS_AND_MANAGERS
externat-7@schoolgus.ukr.education,01ksv4uv2wcvciw,Екстернат 7 клас,,3,True,,externat-7@schoolgus.ukr.education.test-google-a.com,false,true,false,,false,,DEFAULT_SELF,false,false,true,false,false,MODERATE_NONE,en_US,REPLY_TO_IGNORE,false,MODERATE,ANYONE_CAN_CONTACT,CAN_REQUEST_TO_JOIN,ALL_MEMBERS_CAN_LEAVE,ANYONE_CAN_POST,ALL_MEMBERS_CAN_VIEW,ALL_MEMBERS_CAN_VIEW,ALL_IN_DOMAIN_CAN_DISCOVER,false,OWNERS_AND_MANAGERS,OWNERS_AND_MANAGERS,OWNERS_AND_MANAGERS,OWNERS_AND_MANAGERS,OWNERS_AND_MANAGERS,OWNERS_AND_MANAGERS,OWNERS_AND_MANAGERS,OWNERS_AND_MANAGERS,OWNERS_AND_MANAGERS,OWNERS_AND_MANAGERS,OWNERS_AND_MANAGERS,OWNERS_AND_MANAGERS,OWNERS_AND_MANAGERS,OWNERS_AND_MANAGERS,OWNERS_AND_MANAGERS,OWNERS_AND_MANAGERS,OWNERS_AND_MANAGERS,OWNERS_AND_MANAGERS,OWNERS_AND_MANAGERS,OWNERS_AND_MANAGERS,OWNERS_AND_MANAGERS,ALL_MANAGERS_CAN_ADD,ALL_MANAGERS_CAN_APPROVE,OWNERS_AND_MANAGERS,ALL_MANAGERS_CAN_INVITE,OWNERS_AND_MANAGERS,false,true,26214400,DEFAULT_FONT,NONE,OWNERS_AND_MANAGERS
externat-8@schoolgus.ukr.education,01opuj5n2761j20,Екстернат 8 клас,,8,True,,externat-8@schoolgus.ukr.education.test-google-a.com,false,true,false,,false,,DEFAULT_SELF,false,false,true,false,false,MODERATE_NONE,en_US,REPLY_TO_IGNORE,false,MODERATE,ANYONE_CAN_CONTACT,CAN_REQUEST_TO_JOIN,ALL_MEMBERS_CAN_LEAVE,ANYONE_CAN_POST,ALL_MEMBERS_CAN_VIEW,ALL_MEMBERS_CAN_VIEW,ALL_IN_DOMAIN_CAN_DISCOVER,false,OWNERS_AND_MANAGERS,OWNERS_AND_MANAGERS,OWNERS_AND_MANAGERS,OWNERS_AND_MANAGERS,OWNERS_AND_MANAGERS,OWNERS_AND_MANAGERS,OWNERS_AND_MANAGERS,OWNERS_AND_MANAGERS,OWNERS_AND_MANAGERS,OWNERS_AND_MANAGERS,OWNERS_AND_MANAGERS,OWNERS_AND_MANAGERS,OWNERS_AND_MANAGERS,OWNERS_AND_MANAGERS,OWNERS_AND_MANAGERS,OWNERS_AND_MANAGERS,OWNERS_AND_MANAGERS,OWNERS_AND_MANAGERS,OWNERS_AND_MANAGERS,OWNERS_AND_MANAGERS,OWNERS_AND_MANAGERS,ALL_MANAGERS_CAN_ADD,ALL_MANAGERS_CAN_APPROVE,OWNERS_AND_MANAGERS,ALL_MANAGERS_CAN_INVITE,OWNERS_AND_MANAGERS,false,true,26214400,DEFAULT_FONT,NONE,OWNERS_AND_MANAGERS
externat-9@schoolgus.ukr.education,03fwokq029bth6w,Екстернат 9 клас,,8,True,,externat-9@schoolgus.ukr.education.test-google-a.com,false,true,false,,false,,DEFAULT_SELF,false,false,true,false,false,MODERATE_NONE,en_US,REPLY_TO_IGNORE,false,MODERATE,ANYONE_CAN_CONTACT,CAN_REQUEST_TO_JOIN,ALL_MEMBERS_CAN_LEAVE,ANYONE_CAN_POST,ALL_MEMBERS_CAN_VIEW,ALL_MEMBERS_CAN_VIEW,ALL_IN_DOMAIN_CAN_DISCOVER,false,OWNERS_AND_MANAGERS,OWNERS_AND_MANAGERS,OWNERS_AND_MANAGERS,OWNERS_AND_MANAGERS,OWNERS_AND_MANAGERS,OWNERS_AND_MANAGERS,OWNERS_AND_MANAGERS,OWNERS_AND_MANAGERS,OWNERS_AND_MANAGERS,OWNERS_AND_MANAGERS,OWNERS_AND_MANAGERS,OWNERS_AND_MANAGERS,OWNERS_AND_MANAGERS,OWNERS_AND_MANAGERS,OWNERS_AND_MANAGERS,OWNERS_AND_MANAGERS,OWNERS_AND_MANAGERS,OWNERS_AND_MANAGERS,OWNERS_AND_MANAGERS,OWNERS_AND_MANAGERS,OWNERS_AND_MANAGERS,ALL_MANAGERS_CAN_ADD,ALL_MANAGERS_CAN_APPROVE,OWNERS_AND_MANAGERS,ALL_MANAGERS_CAN_INVITE,OWNERS_AND_MANAGERS,false,true,26214400,DEFAULT_FONT,NONE,OWNERS_AND_MANAGERS
graduates_2026@schoolgus.ukr.education,02r0uhxc4g2x709,Випускники 2026,,20,True,,graduates_2026@schoolgus.ukr.education.test-google-a.com,false,true,false,,false,,DEFAULT_SELF,false,false,true,false,false,MODERATE_NONE,en_US,REPLY_TO_IGNORE,false,MODERATE,ANYONE_CAN_CONTACT,CAN_REQUEST_TO_JOIN,ALL_MEMBERS_CAN_LEAVE,ANYONE_CAN_POST,ALL_MEMBERS_CAN_VIEW,ALL_MEMBERS_CAN_VIEW,ALL_IN_DOMAIN_CAN_DISCOVER,false,OWNERS_AND_MANAGERS,OWNERS_AND_MANAGERS,OWNERS_AND_MANAGERS,OWNERS_AND_MANAGERS,OWNERS_AND_MANAGERS,OWNERS_AND_MANAGERS,OWNERS_AND_MANAGERS,OWNERS_AND_MANAGERS,OWNERS_AND_MANAGERS,OWNERS_AND_MANAGERS,OWNERS_AND_MANAGERS,OWNERS_AND_MANAGERS,OWNERS_AND_MANAGERS,OWNERS_AND_MANAGERS,OWNERS_AND_MANAGERS,OWNERS_AND_MANAGERS,OWNERS_AND_MANAGERS,OWNERS_AND_MANAGERS,OWNERS_AND_MANAGERS,OWNERS_AND_MANAGERS,OWNERS_AND_MANAGERS,ALL_MANAGERS_CAN_ADD,ALL_MANAGERS_CAN_APPROVE,OWNERS_AND_MANAGERS,ALL_MANAGERS_CAN_INVITE,OWNERS_AND_MANAGERS,false,true,26214400,DEFAULT_FONT,NONE,OWNERS_AND_MANAGERS
vchyteli@schoolgus.ukr.education,02grqrue3r4ul0f,Вчителі,,74,True,,vchyteli@schoolgus.ukr.education.test-google-a.com,false,true,false,,false,,DEFAULT_SELF,false,false,true,false,false,MODERATE_NONE,en_US,REPLY_TO_IGNORE,false,MODERATE,ANYONE_CAN_CONTACT,CAN_REQUEST_TO_JOIN,ALL_MEMBERS_CAN_LEAVE,ANYONE_CAN_POST,ALL_MEMBERS_CAN_VIEW,ALL_MEMBERS_CAN_VIEW,ALL_IN_DOMAIN_CAN_DISCOVER,false,OWNERS_AND_MANAGERS,OWNERS_AND_MANAGERS,OWNERS_AND_MANAGERS,OWNERS_AND_MANAGERS,OWNERS_AND_MANAGERS,OWNERS_AND_MANAGERS,OWNERS_AND_MANAGERS,OWNERS_AND_MANAGERS,OWNERS_AND_MANAGERS,OWNERS_AND_MANAGERS,OWNERS_AND_MANAGERS,OWNERS_AND_MANAGERS,OWNERS_AND_MANAGERS,OWNERS_AND_MANAGERS,OWNERS_AND_MANAGERS,OWNERS_AND_MANAGERS,OWNERS_AND_MANAGERS,OWNERS_AND_MANAGERS,OWNERS_AND_MANAGERS,OWNERS_AND_MANAGERS,OWNERS_AND_MANAGERS,ALL_MANAGERS_CAN_ADD,ALL_MANAGERS_CAN_APPROVE,OWNERS_AND_MANAGERS,ALL_MANAGERS_CAN_INVITE,OWNERS_AND_MANAGERS,false,true,26214400,DEFAULT_FONT,NONE,OWNERS_AND_MANAGERS
