courseId,courseName,topicId,name,updateTime
867336986959,04. 04 клас. Екстернат (2026-2027),855027868808,Атестаційні / Контрольні роботи,2026-06-08T12:01:53Z
867336986959,04. 04 клас. Екстернат (2026-2027),855028183698,Основи здоров'я / Добробут,2026-06-08T12:01:19Z
867336986959,04. 04 клас. Екстернат (2026-2027),867338456489,Дизайн і технології,2026-06-08T12:01:14Z
867336986959,04. 04 клас. Екстернат (2026-2027),867331868697,Фізична культура / Основи здоров'я,2026-06-08T11:53:28Z
867336986959,04. 04 клас. Екстернат (2026-2027),867336799199,Мистецтво (Образотворче / Музичне),2026-06-08T11:53:23Z
867336986959,04. 04 клас. Екстернат (2026-2027),867334631975,Інформатика,2026-06-08T11:53:18Z
867336986959,04. 04 клас. Екстернат (2026-2027),855027225176,Англійська мова,2026-06-08T11:53:13Z
867336986959,04. 04 клас. Екстернат (2026-2027),855027471339,Я досліджую світ,2026-06-08T11:53:09Z
867336986959,04. 04 клас. Екстернат (2026-2027),867336790254,Математика,2026-06-08T11:53:04Z
867336986959,04. 04 клас. Екстернат (2026-2027),867337610776,Українська мова та читання,2026-06-08T11:53:00Z
867335860978,04. 4-Г Інформатика (2026-2027),867337262380,Створення проектів / Підсумкова робота,2026-06-08T11:50:51Z
867335860978,04. 4-Г Інформатика (2026-2027),867336893673,Алгоритми та виконавці (Програмування Scratch),2026-06-08T11:50:46Z
867335860978,04. 4-Г Інформатика (2026-2027),867332576992,Комп'ютерні презентації,2026-06-08T11:50:41Z
867335860978,04. 4-Г Інформатика (2026-2027),867337522519,Робота з текстовими документами,2026-06-08T11:50:36Z
867335860978,04. 4-Г Інформатика (2026-2027),867319031641,Мережеві технології та інтернет-безпека,2026-06-08T11:50:31Z
867335860978,04. 4-Г Інформатика (2026-2027),867336595357,Інформаційні процеси та системи,2026-06-08T11:50:27Z
867335589149,04. 4-А Англійська мова (2026-2027),855027348771,"Свята, традиції та дозвілля",2026-06-08T11:48:21Z
867335589149,04. 4-А Англійська мова (2026-2027),867335106618,Погода та пори року,2026-06-08T11:48:15Z
867335589149,04. 4-А Англійська мова (2026-2027),855027496715,Одяг та купівельний досвід,2026-06-08T11:48:11Z
867335589149,04. 4-А Англійська мова (2026-2027),867336998013,Помешкання / Мій дім,2026-06-08T11:48:07Z
867335589149,04. 4-А Англійська мова (2026-2027),867337066996,Їжа та напої,2026-06-08T11:48:02Z
867335589149,04. 4-А Англійська мова (2026-2027),867334823759,Світ навколо мене,2026-06-08T11:47:56Z
867335589149,04. 4-А Англійська мова (2026-2027),867336862350,Моя школа та навчання,2026-06-08T11:47:52Z
867335589149,04. 4-А Англійська мова (2026-2027),855027727623,"Я, мої друзі та сім'я",2026-06-08T11:47:47Z
867335109249,04. 4-Г клас (2026-2027),867337500825,Основи здоров'я / Добробут,2026-06-08T11:57:12Z
867335109249,04. 4-Г клас (2026-2027),867335820820,Фізична культура,2026-06-08T11:57:07Z
867335109249,04. 4-Г клас (2026-2027),867335717710,Дизайн і технології,2026-06-08T11:57:03Z
867335109249,04. 4-Г клас (2026-2027),867337336793,Мистецтво (Образотворче / Музичне),2026-06-08T11:56:59Z
867335109249,04. 4-Г клас (2026-2027),867335594021,Я досліджую світ,2026-06-08T11:56:55Z
867335109249,04. 4-Г клас (2026-2027),867336988449,Математика,2026-06-08T11:56:50Z
867335109249,04. 4-Г клас (2026-2027),855027447297,Українська література / Читання,2026-06-08T11:56:46Z
867335109249,04. 4-Г клас (2026-2027),867336427337,Українська мова,2026-06-08T11:56:41Z
867335907947,04. 4-В Інформатика (2026-2027),867337054618,Створення проектів / Підсумкова робота,2026-06-08T11:50:21Z
867335907947,04. 4-В Інформатика (2026-2027),867323097568,Алгоритми та виконавці (Програмування Scratch),2026-06-08T11:50:17Z
867335907947,04. 4-В Інформатика (2026-2027),867337438273,Комп'ютерні презентації,2026-06-08T11:50:12Z
867335907947,04. 4-В Інформатика (2026-2027),855027442351,Робота з текстовими документами,2026-06-08T11:50:08Z
867335907947,04. 4-В Інформатика (2026-2027),867336924718,Мережеві технології та інтернет-безпека,2026-06-08T11:50:02Z
867335907947,04. 4-В Інформатика (2026-2027),855027499390,Інформаційні процеси та системи,2026-06-08T11:49:56Z
867336436019,04. 4-В Англійська мова (2026-2027),867337261049,"Свята, традиції та дозвілля",2026-06-08T11:47:42Z
867336436019,04. 4-В Англійська мова (2026-2027),867335645361,Погода та пори року,2026-06-08T11:47:38Z
867336436019,04. 4-В Англійська мова (2026-2027),855027151168,Одяг та купівельний досвід,2026-06-08T11:47:34Z
867336436019,04. 4-В Англійська мова (2026-2027),867334894026,Помешкання / Мій дім,2026-06-08T11:47:28Z
867336436019,04. 4-В Англійська мова (2026-2027),867336638383,Їжа та напої,2026-06-08T11:47:24Z
867336436019,04. 4-В Англійська мова (2026-2027),855027722735,Світ навколо мене,2026-06-08T11:47:19Z
867336436019,04. 4-В Англійська мова (2026-2027),867337089175,Моя школа та навчання,2026-06-08T11:47:15Z
867336436019,04. 4-В Англійська мова (2026-2027),867335115374,"Я, мої друзі та сім'я",2026-06-08T11:47:10Z
867336386177,04. 4-В клас (2026-2027),855027966479,Основи здоров'я / Добробут,2026-06-08T11:56:37Z
867336386177,04. 4-В клас (2026-2027),867336436236,Фізична культура,2026-06-08T11:56:32Z
867336386177,04. 4-В клас (2026-2027),867336771689,Дизайн і технології,2026-06-08T11:56:28Z
867336386177,04. 4-В клас (2026-2027),867337069797,Мистецтво (Образотворче / Музичне),2026-06-08T11:56:23Z
867336386177,04. 4-В клас (2026-2027),855027830941,Я досліджую світ,2026-06-08T11:56:19Z
867336386177,04. 4-В клас (2026-2027),867337574165,Математика,2026-06-08T11:56:14Z
867336386177,04. 4-В клас (2026-2027),867320873240,Українська література / Читання,2026-06-08T11:56:10Z
867336386177,04. 4-В клас (2026-2027),855027745960,Українська мова,2026-06-08T11:56:05Z
867336251785,04. 4-Б Інформатика (2026-2027),855024514488,Створення проектів / Підсумкова робота,2026-06-08T11:49:52Z
867336251785,04. 4-Б Інформатика (2026-2027),855027661354,Алгоритми та виконавці (Програмування Scratch),2026-06-08T11:49:47Z
867336251785,04. 4-Б Інформатика (2026-2027),867336908926,Комп'ютерні презентації,2026-06-08T11:49:43Z
867336251785,04. 4-Б Інформатика (2026-2027),855027770637,Робота з текстовими документами,2026-06-08T11:49:39Z
867336251785,04. 4-Б Інформатика (2026-2027),867337125358,Мережеві технології та інтернет-безпека,2026-06-08T11:49:33Z
867336251785,04. 4-Б Інформатика (2026-2027),867336761723,Інформаційні процеси та системи,2026-06-08T11:49:29Z
867335850617,04. 4-Б Англійська мова (2026-2027),867336131159,"Свята, традиції та дозвілля",2026-06-08T11:47:05Z
867335850617,04. 4-Б Англійська мова (2026-2027),867336258960,Погода та пори року,2026-06-08T11:47:01Z
867335850617,04. 4-Б Англійська мова (2026-2027),867335644548,Одяг та купівельний досвід,2026-06-08T11:46:56Z
867335850617,04. 4-Б Англійська мова (2026-2027),867333821330,Помешкання / Мій дім,2026-06-08T11:46:52Z
867335850617,04. 4-Б Англійська мова (2026-2027),867336637144,Їжа та напої,2026-06-08T11:46:46Z
867335850617,04. 4-Б Англійська мова (2026-2027),867336140911,Світ навколо мене,2026-06-08T11:46:41Z
867335850617,04. 4-Б Англійська мова (2026-2027),867336738001,Моя школа та навчання,2026-06-08T11:46:37Z
867335850617,04. 4-Б Англійська мова (2026-2027),867325560663,"Я, мої друзі та сім'я",2026-06-08T11:46:32Z
867334808154,04. 4-Б клас (2026-2027),867337696136,Основи здоров'я / Добробут,2026-06-08T11:56:01Z
867334808154,04. 4-Б клас (2026-2027),867337297078,Фізична культура,2026-06-08T11:55:56Z
867334808154,04. 4-Б клас (2026-2027),867336997051,Дизайн і технології,2026-06-08T11:55:52Z
867334808154,04. 4-Б клас (2026-2027),855027339527,Мистецтво (Образотворче / Музичне),2026-06-08T11:55:47Z
867334808154,04. 4-Б клас (2026-2027),867336906049,Я досліджую світ,2026-06-08T11:55:43Z
867334808154,04. 4-Б клас (2026-2027),867337543935,Математика,2026-06-08T11:55:39Z
867334808154,04. 4-Б клас (2026-2027),867337143868,Українська література / Читання,2026-06-08T11:55:34Z
867334808154,04. 4-Б клас (2026-2027),867336772530,Українська мова,2026-06-08T11:55:30Z
798125542813,04. 4-А Інформатика (2026-2027),867336933771,Створення проектів / Підсумкова робота,2026-06-08T11:49:23Z
798125542813,04. 4-А Інформатика (2026-2027),855027891596,Алгоритми та виконавці (Програмування Scratch),2026-06-08T11:49:18Z
798125542813,04. 4-А Інформатика (2026-2027),867336995244,Комп'ютерні презентації,2026-06-08T11:49:14Z
798125542813,04. 4-А Інформатика (2026-2027),855026642897,Робота з текстовими документами,2026-06-08T11:49:08Z
798125542813,04. 4-А Інформатика (2026-2027),855027688558,Мережеві технології та інтернет-безпека,2026-06-08T11:49:03Z
798125542813,04. 4-А Інформатика (2026-2027),867336828049,Інформаційні процеси та системи,2026-06-08T11:48:59Z
867335080770,04. 4-Г Англійська мова (2026-2027),867336626974,"Свята, традиції та дозвілля",2026-06-08T11:46:27Z
867335080770,04. 4-Г Англійська мова (2026-2027),867332821530,Погода та пори року,2026-06-08T11:46:23Z
867335080770,04. 4-Г Англійська мова (2026-2027),867336762048,Одяг та купівельний досвід,2026-06-08T11:46:19Z
867335080770,04. 4-Г Англійська мова (2026-2027),855026175054,Помешкання / Мій дім,2026-06-08T11:46:14Z
867335080770,04. 4-Г Англійська мова (2026-2027),867336504859,Їжа та напої,2026-06-08T11:46:09Z
867335080770,04. 4-Г Англійська мова (2026-2027),867334974386,Світ навколо мене,2026-06-08T11:46:04Z
867335080770,04. 4-Г Англійська мова (2026-2027),867336514911,Моя школа та навчання,2026-06-08T11:45:59Z
867335080770,04. 4-Г Англійська мова (2026-2027),867336582040,"Я, мої друзі та сім'я",2026-06-08T11:45:55Z
867336332385,04. 4-А клас (2026-2027),867337440558,Основи здоров'я / Добробут,2026-06-08T11:55:26Z
867336332385,04. 4-А клас (2026-2027),867337884846,Фізична культура,2026-06-08T11:55:22Z
867336332385,04. 4-А клас (2026-2027),867338025185,Дизайн і технології,2026-06-08T11:55:17Z
867336332385,04. 4-А клас (2026-2027),867335178770,Мистецтво (Образотворче / Музичне),2026-06-08T11:55:13Z
867336332385,04. 4-А клас (2026-2027),855027965596,Я досліджую світ,2026-06-08T11:55:08Z
867336332385,04. 4-А клас (2026-2027),867337096023,Математика,2026-06-08T11:55:04Z
867336332385,04. 4-А клас (2026-2027),867335736511,Українська література / Читання,2026-06-08T11:55:00Z
867336332385,04. 4-А клас (2026-2027),867337679362,Українська мова,2026-06-08T11:54:55Z
867331417458,02. 2-В Англійська мова (2026-2027),867333803730,Свята і традиції,2026-06-08T11:16:32Z
867331417458,02. 2-В Англійська мова (2026-2027),867334218899,Погода та пори року,2026-06-08T11:16:28Z
867331417458,02. 2-В Англійська мова (2026-2027),855026780470,Одяг,2026-06-08T11:16:24Z
867331417458,02. 2-В Англійська мова (2026-2027),867334396143,Моє помешкання,2026-06-08T11:16:19Z
867331417458,02. 2-В Англійська мова (2026-2027),867334145280,Їжа та напої,2026-06-08T11:16:14Z
867331417458,02. 2-В Англійська мова (2026-2027),867334550134,Світ навколо мене та тварини,2026-06-08T11:16:10Z
867331417458,02. 2-В Англійська мова (2026-2027),867334636572,Моя школа та навчання,2026-06-08T11:16:06Z
867331417458,02. 2-В Англійська мова (2026-2027),867334851702,"Я, моя сім'я та друзі",2026-06-08T11:16:01Z
867324295576,03. 03 клас. Екстернат (2026-2027),867325049639,Дизайн і технології,2026-06-08T08:30:19Z
867324295576,03. 03 клас. Екстернат (2026-2027),867325791107,Мистецтво,2026-06-08T08:30:14Z
867324295576,03. 03 клас. Екстернат (2026-2027),855023050514,Інформатика,2026-06-08T08:30:10Z
867324295576,03. 03 клас. Екстернат (2026-2027),867325791882,Англійська мова,2026-06-08T08:30:05Z
867324295576,03. 03 клас. Екстернат (2026-2027),867325982138,Я досліджую світ (ЯДС),2026-06-08T08:30:01Z
867324295576,03. 03 клас. Екстернат (2026-2027),867325487602,Читання,2026-06-08T08:29:56Z
867324295576,03. 03 клас. Екстернат (2026-2027),867322761117,Українська мова,2026-06-08T08:29:52Z
867324295576,03. 03 клас. Екстернат (2026-2027),867323473051,Математика,2026-06-08T08:29:47Z
867317060340,03. 3-Г Інформатика (2026-2027),867332198566,🎨 Проєктна діяльність,2026-06-08T10:57:25Z
867317060340,03. 3-Г Інформатика (2026-2027),867329944964,🤖 Алгоритми та програми (Scratch),2026-06-08T10:57:21Z
867317060340,03. 3-Г Інформатика (2026-2027),867327812003,📝 Текстові документи,2026-06-08T10:57:17Z
867317060340,03. 3-Г Інформатика (2026-2027),867333015478,📊 Комп'ютерні презентації,2026-06-08T10:57:12Z
867317060340,03. 3-Г Інформатика (2026-2027),867333021677,🌐 Інтернет та мережеві технології,2026-06-08T10:57:08Z
867317060340,03. 3-Г Інформатика (2026-2027),867332581420,💻 Комп'ютер та інформаційні процеси,2026-06-08T10:57:03Z
798124355764,03. 3-Г Англійська мова (2026-2027),855026731908,Свята і традиції,2026-06-08T11:06:11Z
798124355764,03. 3-Г Англійська мова (2026-2027),867333340887,Погода та пори року,2026-06-08T11:06:07Z
798124355764,03. 3-Г Англійська мова (2026-2027),867333663381,Одяг,2026-06-08T11:06:03Z
798124355764,03. 3-Г Англійська мова (2026-2027),867334030630,Моє помешкання,2026-06-08T11:05:59Z
798124355764,03. 3-Г Англійська мова (2026-2027),867333077180,Їжа та напої,2026-06-08T11:05:54Z
798124355764,03. 3-Г Англійська мова (2026-2027),855026513087,Світ навколо мене та тварини,2026-06-08T11:05:50Z
798124355764,03. 3-Г Англійська мова (2026-2027),867333907904,Моя школа та навчання,2026-06-08T11:05:45Z
798124355764,03. 3-Г Англійська мова (2026-2027),867332905558,"Я, моя сім'я та друзі",2026-06-08T11:05:41Z
867324504631,03. 3-Г клас (2026-2027),867326225024,Мистецтво,2026-06-08T08:46:43Z
867324504631,03. 3-Г клас (2026-2027),867315234250,Дизайн і технології,2026-06-08T08:27:34Z
867324504631,03. 3-Г клас (2026-2027),867324919920,Я досліджую світ (ЯДС),2026-06-08T08:27:24Z
867324504631,03. 3-Г клас (2026-2027),867325734210,Читання,2026-06-08T08:27:20Z
867324504631,03. 3-Г клас (2026-2027),855023602844,Українська мова,2026-06-08T08:27:16Z
867324504631,03. 3-Г клас (2026-2027),867303518207,Математика,2026-06-08T08:27:11Z
867323263592,03. 3-В Інформатика (2026-2027),867328543102,🎨 Проєктна діяльність,2026-06-08T10:56:59Z
867323263592,03. 3-В Інформатика (2026-2027),867333397181,🤖 Алгоритми та програми (Scratch),2026-06-08T10:56:55Z
867323263592,03. 3-В Інформатика (2026-2027),867333123498,📝 Текстові документи,2026-06-08T10:56:51Z
867323263592,03. 3-В Інформатика (2026-2027),867333026493,📊 Комп'ютерні презентації,2026-06-08T10:56:47Z
867323263592,03. 3-В Інформатика (2026-2027),867332762725,🌐 Інтернет та мережеві технології,2026-06-08T10:56:43Z
867323263592,03. 3-В Інформатика (2026-2027),867333032782,💻 Комп'ютер та інформаційні процеси,2026-06-08T10:56:39Z
867323939549,03. 3-В Англійська мова (2026-2027),867334155004,Свята і традиції,2026-06-08T11:05:36Z
867323939549,03. 3-В Англійська мова (2026-2027),855026678328,Погода та пори року,2026-06-08T11:05:32Z
867323939549,03. 3-В Англійська мова (2026-2027),867333752231,Одяг,2026-06-08T11:05:27Z
867323939549,03. 3-В Англійська мова (2026-2027),867321908053,Моє помешкання,2026-06-08T11:05:23Z
867323939549,03. 3-В Англійська мова (2026-2027),855026723762,Їжа та напої,2026-06-08T11:05:18Z
867323939549,03. 3-В Англійська мова (2026-2027),855026678569,Світ навколо мене та тварини,2026-06-08T11:05:14Z
867323939549,03. 3-В Англійська мова (2026-2027),867334303974,Моя школа та навчання,2026-06-08T11:05:09Z
867323939549,03. 3-В Англійська мова (2026-2027),867333445559,"Я, моя сім'я та друзі",2026-06-08T11:05:05Z
867322809643,03. 3-В клас (2026-2027),867326023103,Мистецтво,2026-06-08T08:46:33Z
867322809643,03. 3-В клас (2026-2027),855022644263,Дизайн і технології,2026-06-08T08:27:07Z
867322809643,03. 3-В клас (2026-2027),855022787208,Я досліджую світ (ЯДС),2026-06-08T08:26:58Z
867322809643,03. 3-В клас (2026-2027),855022972752,Читання,2026-06-08T08:26:53Z
867322809643,03. 3-В клас (2026-2027),867325931881,Українська мова,2026-06-08T08:26:48Z
867322809643,03. 3-В клас (2026-2027),867323764509,Математика,2026-06-08T08:26:44Z
867324393329,03. 3-Б Інформатика (2026-2027),867331546799,🎨 Проєктна діяльність,2026-06-08T10:56:34Z
867324393329,03. 3-Б Інформатика (2026-2027),867326755688,🤖 Алгоритми та програми (Scratch),2026-06-08T10:56:30Z
867324393329,03. 3-Б Інформатика (2026-2027),855026234411,📝 Текстові документи,2026-06-08T10:56:25Z
867324393329,03. 3-Б Інформатика (2026-2027),867332062646,📊 Комп'ютерні презентації,2026-06-08T10:56:21Z
867324393329,03. 3-Б Інформатика (2026-2027),867332425552,🌐 Інтернет та мережеві технології,2026-06-08T10:56:16Z
867324393329,03. 3-Б Інформатика (2026-2027),867332677375,💻 Комп'ютер та інформаційні процеси,2026-06-08T10:56:12Z
867323305345,03. 3-Б Англійська мова (2026-2027),867333475411,Свята і традиції,2026-06-08T11:05:00Z
867323305345,03. 3-Б Англійська мова (2026-2027),867333406383,Погода та пори року,2026-06-08T11:04:56Z
867323305345,03. 3-Б Англійська мова (2026-2027),867333862853,Одяг,2026-06-08T11:04:52Z
867323305345,03. 3-Б Англійська мова (2026-2027),867333549258,Моє помешкання,2026-06-08T11:04:48Z
867323305345,03. 3-Б Англійська мова (2026-2027),867333874801,Їжа та напої,2026-06-08T11:04:44Z
867323305345,03. 3-Б Англійська мова (2026-2027),867332372307,Світ навколо мене та тварини,2026-06-08T11:04:40Z
867323305345,03. 3-Б Англійська мова (2026-2027),855026619623,Моя школа та навчання,2026-06-08T11:04:36Z
867323305345,03. 3-Б Англійська мова (2026-2027),855026732770,"Я, моя сім'я та друзі",2026-06-08T11:04:32Z
867323419328,03. 3-Б клас (2026-2027),867326332139,Мистецтво,2026-06-08T08:46:24Z
867323419328,03. 3-Б клас (2026-2027),867325189388,Дизайн і технології,2026-06-08T08:26:39Z
867323419328,03. 3-Б клас (2026-2027),867325357288,Я досліджую світ (ЯДС),2026-06-08T08:26:31Z
867323419328,03. 3-Б клас (2026-2027),867325564590,Читання,2026-06-08T08:26:26Z
867323419328,03. 3-Б клас (2026-2027),867323182901,Українська мова,2026-06-08T08:26:22Z
867323419328,03. 3-Б клас (2026-2027),867322416042,Математика,2026-06-08T08:26:17Z
867324738824,03. 3-А Інформатика (2026-2027),867333056552,🎨 Проєктна діяльність,2026-06-08T10:56:07Z
867324738824,03. 3-А Інформатика (2026-2027),867330165369,🤖 Алгоритми та програми (Scratch),2026-06-08T10:56:03Z
867324738824,03. 3-А Інформатика (2026-2027),867333193706,📝 Текстові документи,2026-06-08T10:55:58Z
867324738824,03. 3-А Інформатика (2026-2027),867332952054,📊 Комп'ютерні презентації,2026-06-08T10:55:54Z
867324738824,03. 3-А Інформатика (2026-2027),867327463583,🌐 Інтернет та мережеві технології,2026-06-08T10:55:49Z
867324738824,03. 3-А Інформатика (2026-2027),867332976862,💻 Комп'ютер та інформаційні процеси,2026-06-08T10:55:45Z
867324181198,03. 3-А Англійська мова (2026-2027),867333501557,Свята і традиції,2026-06-08T11:04:27Z
867324181198,03. 3-А Англійська мова (2026-2027),867333431657,Погода та пори року,2026-06-08T11:04:24Z
867324181198,03. 3-А Англійська мова (2026-2027),867333732707,Одяг,2026-06-08T11:04:19Z
867324181198,03. 3-А Англійська мова (2026-2027),867332887485,Моє помешкання,2026-06-08T11:04:15Z
867324181198,03. 3-А Англійська мова (2026-2027),855026716961,Їжа та напої,2026-06-08T11:04:11Z
867324181198,03. 3-А Англійська мова (2026-2027),867333204195,Світ навколо мене та тварини,2026-06-08T11:04:07Z
867324181198,03. 3-А Англійська мова (2026-2027),867332762470,Моя школа та навчання,2026-06-08T11:04:03Z
867324181198,03. 3-А Англійська мова (2026-2027),855026743685,"Я, моя сім'я та друзі",2026-06-08T11:03:58Z
867323697954,03. 3-А клас (2026-2027),867325552747,Мистецтво,2026-06-08T08:46:15Z
867323697954,03. 3-А клас (2026-2027),867319208562,Дизайн і технології,2026-06-08T08:26:13Z
867323697954,03. 3-А клас (2026-2027),867322979380,Я досліджую світ (ЯДС),2026-06-08T08:26:03Z
867323697954,03. 3-А клас (2026-2027),867323698796,Читання,2026-06-08T08:25:59Z
867323697954,03. 3-А клас (2026-2027),867325214044,Українська мова,2026-06-08T08:25:54Z
867323697954,03. 3-А клас (2026-2027),855023649436,Математика,2026-06-08T08:25:50Z
867312800722,04. 02 клас. Екстернат (2026-2027),867321143511,Фізична культура,2026-06-08T07:10:41Z
867312800722,04. 02 клас. Екстернат (2026-2027),867322017513,Дизайн і технології,2026-06-08T07:10:37Z
867312800722,04. 02 клас. Екстернат (2026-2027),867320191119,Мистецтво,2026-06-08T07:10:33Z
867312800722,04. 02 клас. Екстернат (2026-2027),867321671718,Англійська мова,2026-06-08T07:10:28Z
867312800722,04. 02 клас. Екстернат (2026-2027),867320977528,Я досліджую світ (ЯДС),2026-06-08T07:10:24Z
867312800722,04. 02 клас. Екстернат (2026-2027),867321886281,Математика,2026-06-08T07:10:19Z
867312800722,04. 02 клас. Екстернат (2026-2027),855021693291,Українська мова та читання,2026-06-08T07:10:15Z
867312800722,04. 02 клас. Екстернат (2026-2027),867295432775,Оголошення та виховна робота,2026-06-08T07:10:10Z
867272231020,02. 2-Г Англійська мова (2026-2027),855026653926,Свята і традиції,2026-06-08T11:03:54Z
867272231020,02. 2-Г Англійська мова (2026-2027),867320870397,Погода та пори року,2026-06-08T11:03:50Z
867272231020,02. 2-Г Англійська мова (2026-2027),867332395403,Одяг,2026-06-08T11:03:46Z
867272231020,02. 2-Г Англійська мова (2026-2027),867333346199,Моє помешкання,2026-06-08T11:03:42Z
867272231020,02. 2-Г Англійська мова (2026-2027),867332844981,Їжа та напої,2026-06-08T11:03:38Z
867272231020,02. 2-Г Англійська мова (2026-2027),867333942324,Світ навколо мене та тварини,2026-06-08T11:03:35Z
867272231020,02. 2-Г Англійська мова (2026-2027),855026596625,Моя школа та навчання,2026-06-08T11:03:31Z
867272231020,02. 2-Г Англійська мова (2026-2027),867333752617,"Я, моя сім'я та друзі",2026-06-08T11:03:26Z
867271652276,02. 2-В клас (2026-2027),855008855176,Фізична культура,2026-06-07T12:14:57Z
867271652276,02. 2-В клас (2026-2027),867273039552,Дизайн і технології,2026-06-07T12:14:54Z
867271652276,02. 2-В клас (2026-2027),867272006755,Мистецтво,2026-06-07T12:14:50Z
867271652276,02. 2-В клас (2026-2027),855008768273,Я досліджую світ (ЯДС),2026-06-07T12:14:46Z
867271652276,02. 2-В клас (2026-2027),855008930002,Математика,2026-06-07T12:14:41Z
867271652276,02. 2-В клас (2026-2027),819797383377,Українська мова та читання,2026-06-07T12:14:38Z
867270615070,02. 2-Г клас (2026-2027),867273128618,Фізична культура,2026-06-07T12:15:58Z
867270615070,02. 2-Г клас (2026-2027),867272577291,Дизайн і технології,2026-06-07T12:15:54Z
867270615070,02. 2-Г клас (2026-2027),867272887378,Мистецтво,2026-06-07T12:15:50Z
867270615070,02. 2-Г клас (2026-2027),867272433572,Я досліджую світ (ЯДС),2026-06-07T12:15:46Z
867270615070,02. 2-Г клас (2026-2027),867272504239,Математика,2026-06-07T12:15:42Z
867270615070,02. 2-Г клас (2026-2027),867273033890,Українська мова та читання,2026-06-07T12:15:39Z
867271980954,02. 2-Б Англійська мова (2026-2027),867333423726,Свята і традиції,2026-06-08T11:03:22Z
867271980954,02. 2-Б Англійська мова (2026-2027),855026417906,Погода та пори року,2026-06-08T11:03:18Z
867271980954,02. 2-Б Англійська мова (2026-2027),867329787181,Одяг,2026-06-08T11:03:13Z
867271980954,02. 2-Б Англійська мова (2026-2027),867334002331,Моє помешкання,2026-06-08T11:03:09Z
867271980954,02. 2-Б Англійська мова (2026-2027),867333915332,Їжа та напої,2026-06-08T11:03:04Z
867271980954,02. 2-Б Англійська мова (2026-2027),867333036498,Світ навколо мене та тварини,2026-06-08T11:02:59Z
867271980954,02. 2-Б Англійська мова (2026-2027),867333630871,Моя школа та навчання,2026-06-08T11:02:55Z
867271980954,02. 2-Б Англійська мова (2026-2027),867332884446,"Я, моя сім'я та друзі",2026-06-08T11:02:50Z
867271596986,02. 2-А клас (2026-2027),867272386582,Фізична культура,2026-06-07T12:08:03Z
867271596986,02. 2-А клас (2026-2027),867272775779,Дизайн і технології,2026-06-07T12:07:59Z
867271596986,02. 2-А клас (2026-2027),867271620756,Мистецтво,2026-06-07T12:07:55Z
867271596986,02. 2-А клас (2026-2027),867272863926,Я досліджую світ (ЯДС),2026-06-07T12:07:51Z
867271596986,02. 2-А клас (2026-2027),867272878259,Математика,2026-06-07T12:07:46Z
867271596986,02. 2-А клас (2026-2027),867272560034,Українська мова та читання,2026-06-07T12:07:42Z
867271144756,02. 2-A Англійська мова (2026-2027),867332129078,Свята і традиції,2026-06-08T11:02:46Z
867271144756,02. 2-A Англійська мова (2026-2027),867333277031,Погода та пори року,2026-06-08T11:02:42Z
867271144756,02. 2-A Англійська мова (2026-2027),855026723600,Одяг,2026-06-08T11:02:38Z
867271144756,02. 2-A Англійська мова (2026-2027),867327307421,Моє помешкання,2026-06-08T11:02:33Z
867271144756,02. 2-A Англійська мова (2026-2027),867333707208,Їжа та напої,2026-06-08T11:02:29Z
867271144756,02. 2-A Англійська мова (2026-2027),855026561969,Світ навколо мене та тварини,2026-06-08T11:02:24Z
867271144756,02. 2-A Англійська мова (2026-2027),867332574849,Моя школа та навчання,2026-06-08T11:02:20Z
867271144756,02. 2-A Англійська мова (2026-2027),867333062216,"Я, моя сім'я та друзі",2026-06-08T11:02:15Z
867271054907,02. 2-Б клас (2026-2027),867272593570,Фізична культура,2026-06-07T12:09:16Z
867271054907,02. 2-Б клас (2026-2027),867272953738,Дизайн і технології,2026-06-07T12:09:12Z
867271054907,02. 2-Б клас (2026-2027),867272726837,Мистецтво,2026-06-07T12:09:08Z
867271054907,02. 2-Б клас (2026-2027),855008895378,Я досліджую світ (ЯДС),2026-06-07T12:09:04Z
867271054907,02. 2-Б клас (2026-2027),819797279703,Математика,2026-06-07T12:09:00Z
867271054907,02. 2-Б клас (2026-2027),867272539712,Українська мова та читання,2026-06-07T12:08:56Z
867270049349,01. 1-Г клас. НУШ (2026-2027),867269705268,Фізична культура,2026-06-07T10:12:29Z
867270049349,01. 1-Г клас. НУШ (2026-2027),867269783621,Мистецтво,2026-06-07T10:12:28Z
867270049349,01. 1-Г клас. НУШ (2026-2027),867266797062,Математика,2026-06-07T10:12:27Z
867270049349,01. 1-Г клас. НУШ (2026-2027),867268940767,Оголошення та виховна робота,2026-06-07T10:12:27Z
867270049349,01. 1-Г клас. НУШ (2026-2027),867260147177,Я досліджую світ,2026-06-07T10:12:27Z
867270049349,01. 1-Г клас. НУШ (2026-2027),867269646341,Українська мова,2026-06-07T10:12:27Z
867270096376,01. 1-Г клас. Англійська мова (2026-2027),867333306615,Свята і традиції,2026-06-08T11:02:11Z
867270096376,01. 1-Г клас. Англійська мова (2026-2027),855026091631,Погода та пори року,2026-06-08T11:02:06Z
867270096376,01. 1-Г клас. Англійська мова (2026-2027),867327812271,Одяг,2026-06-08T11:02:02Z
867270096376,01. 1-Г клас. Англійська мова (2026-2027),867333443861,Моє помешкання,2026-06-08T11:01:57Z
867270096376,01. 1-Г клас. Англійська мова (2026-2027),867333307747,Їжа та напої,2026-06-08T11:01:52Z
867270096376,01. 1-Г клас. Англійська мова (2026-2027),855026556650,Світ навколо мене та тварини,2026-06-08T11:01:48Z
867270096376,01. 1-Г клас. Англійська мова (2026-2027),867333580731,Моя школа та навчання,2026-06-08T11:01:43Z
867270096376,01. 1-Г клас. Англійська мова (2026-2027),867333060489,"Я, моя сім'я та друзі",2026-06-08T11:01:39Z
867270052567,04. 01 клас. Екстернат (2026-2027),867317463873,Англійська мова,2026-06-08T06:57:25Z
867270052567,04. 01 клас. Екстернат (2026-2027),819797360913,Дизайн і технології,2026-06-07T12:23:23Z
867270052567,04. 01 клас. Екстернат (2026-2027),867269664313,Фізична культура,2026-06-07T10:12:32Z
867270052567,04. 01 клас. Екстернат (2026-2027),867269997798,Мистецтво,2026-06-07T10:12:31Z
867270052567,04. 01 клас. Екстернат (2026-2027),867268308792,Я досліджую світ,2026-06-07T10:12:30Z
867270052567,04. 01 клас. Екстернат (2026-2027),867270052584,Математика,2026-06-07T10:12:30Z
867270052567,04. 01 клас. Екстернат (2026-2027),867269035143,Оголошення та виховна робота,2026-06-07T10:12:30Z
867270052567,04. 01 клас. Екстернат (2026-2027),867269955502,Українська мова,2026-06-07T10:12:29Z
867268618041,01. 1-В клас. Англійська мова (2026-2027),867333451279,Свята і традиції,2026-06-08T11:01:34Z
867268618041,01. 1-В клас. Англійська мова (2026-2027),855026436322,Погода та пори року,2026-06-08T11:01:30Z
867268618041,01. 1-В клас. Англійська мова (2026-2027),867333634802,Одяг,2026-06-08T11:01:25Z
867268618041,01. 1-В клас. Англійська мова (2026-2027),867333417515,Моє помешкання,2026-06-08T11:01:21Z
867268618041,01. 1-В клас. Англійська мова (2026-2027),867333538835,Їжа та напої,2026-06-08T11:01:17Z
867268618041,01. 1-В клас. Англійська мова (2026-2027),867333479227,Світ навколо мене та тварини,2026-06-08T11:01:12Z
867268618041,01. 1-В клас. Англійська мова (2026-2027),867284136265,Моя школа та навчання,2026-06-08T11:01:08Z
867268618041,01. 1-В клас. Англійська мова (2026-2027),867332562972,"Я, моя сім'я та друзі",2026-06-08T11:01:03Z
867267818221,01. 1-В клас. НУШ (2026-2027),867269744390,Фізична культура,2026-06-07T09:52:15Z
867267818221,01. 1-В клас. НУШ (2026-2027),867269660148,Мистецтво,2026-06-07T09:52:14Z
867267818221,01. 1-В клас. НУШ (2026-2027),867269742728,Я досліджую світ,2026-06-07T09:52:13Z
867267818221,01. 1-В клас. НУШ (2026-2027),867269761827,Оголошення та виховна робота,2026-06-07T09:52:13Z
867267818221,01. 1-В клас. НУШ (2026-2027),867269760418,Математика,2026-06-07T09:52:12Z
867267818221,01. 1-В клас. НУШ (2026-2027),867267188519,Українська мова,2026-06-07T09:52:12Z
867269784292,01. 1-Б клас. НУШ (2026-2027),867268547249,Фізична культура,2026-06-07T09:52:12Z
867269784292,01. 1-Б клас. НУШ (2026-2027),867269651511,Оголошення та виховна робота,2026-06-07T09:52:10Z
867269784292,01. 1-Б клас. НУШ (2026-2027),867269850695,Українська мова,2026-06-07T09:52:10Z
867269784292,01. 1-Б клас. НУШ (2026-2027),867269841531,Мистецтво,2026-06-07T09:52:09Z
867269784292,01. 1-Б клас. НУШ (2026-2027),867269422929,Математика,2026-06-07T09:52:09Z
867269784292,01. 1-Б клас. НУШ (2026-2027),867269150647,Я досліджую світ,2026-06-07T09:52:08Z
867269734400,01. 1-Б клас. Англійська мова (2026-2027),867333158974,Свята і традиції,2026-06-08T11:00:59Z
867269734400,01. 1-Б клас. Англійська мова (2026-2027),867329575140,Погода та пори року,2026-06-08T11:00:54Z
867269734400,01. 1-Б клас. Англійська мова (2026-2027),867333553700,Одяг,2026-06-08T11:00:50Z
867269734400,01. 1-Б клас. Англійська мова (2026-2027),867333518624,Моє помешкання,2026-06-08T11:00:46Z
867269734400,01. 1-Б клас. Англійська мова (2026-2027),867330925851,Їжа та напої,2026-06-08T11:00:41Z
867269734400,01. 1-Б клас. Англійська мова (2026-2027),867332548170,Світ навколо мене та тварини,2026-06-08T11:00:37Z
867269734400,01. 1-Б клас. Англійська мова (2026-2027),867332895842,Моя школа та навчання,2026-06-08T11:00:33Z
867269734400,01. 1-Б клас. Англійська мова (2026-2027),855026492859,"Я, моя сім'я та друзі",2026-06-08T11:00:28Z
867269419571,01. 1-А клас. Англійська мова (2026-2027),867332578359,Свята і традиції,2026-06-08T11:00:24Z
867269419571,01. 1-А клас. Англійська мова (2026-2027),867331706563,Погода та пори року,2026-06-08T11:00:20Z
867269419571,01. 1-А клас. Англійська мова (2026-2027),867333538734,Одяг,2026-06-08T11:00:15Z
867269419571,01. 1-А клас. Англійська мова (2026-2027),867332829495,Моє помешкання,2026-06-08T11:00:11Z
867269419571,01. 1-А клас. Англійська мова (2026-2027),867333236549,Їжа та напої,2026-06-08T11:00:07Z
867269419571,01. 1-А клас. Англійська мова (2026-2027),867332661382,Світ навколо мене та тварини,2026-06-08T11:00:02Z
867269419571,01. 1-А клас. Англійська мова (2026-2027),855025943001,Моя школа та навчання,2026-06-08T10:59:58Z
867269419571,01. 1-А клас. Англійська мова (2026-2027),855026466878,"Я, моя сім'я та друзі",2026-06-08T10:59:53Z
867269348958,01. 1-А клас. НУШ (2026-2027),867268840895,Фізична культура,2026-06-07T09:36:04Z
867269348958,01. 1-А клас. НУШ (2026-2027),855008366043,Мистецтво,2026-06-07T09:35:59Z
867269348958,01. 1-А клас. НУШ (2026-2027),867269124476,Я досліджую світ,2026-06-07T09:35:55Z
867269348958,01. 1-А клас. НУШ (2026-2027),867268731438,Математика,2026-06-07T09:35:50Z
867269348958,01. 1-А клас. НУШ (2026-2027),855008328574,Українська мова,2026-06-07T09:35:46Z
867269348958,01. 1-А клас. НУШ (2026-2027),867269294778,Оголошення та виховна робота,2026-06-07T09:35:42Z
